coingecko-id:,cardano,apecoin,arbitrum,astroport-fi,cosmos,aurora-near,avalanche-2,benqi-liquid-staked-avax,binancecoin,bitcoin,dogecoin,polkadot,ethereum,wrapped-steth,gmx,hedera-hashgraph,hbarx,indigo-dao-governance-token,kujira,lido-dao,chainlink,litecoin,terra-luna-2,mantadao,near,harmony,optimism,osmosis,pax-gold,benqi,lion-dao,snek,havven,solana,undead-blocks,tether,usd-coin
date,ADA,APE,ARB,ASTRO,ATOM,AURORA,AVAX,sAVAX,BNB,BTC,DOGE,DOT,ETH,wstETH,GMX,HBAR,HBARX,INDY,KUJI,LDO,LINK,LTC,LUNA,MNTA,NEAR,ONE,OP,OSMO,PAXG,QI,ROAR,SNEK,SNX,SOL,UNDEAD,USDt,USDC
2025-05-21,0.751618,0.664211,0.397457,0.01407169,4.91,0.09027,22.62,27.32,652.94,106467,0.226061,4.67,2532.39,3040.89,15.12,0.1949561325,0.2598319441,0.969495,0.652568,0.880576,15.68,95,0.192387,0.087073,2.8802,0.0142343,0.735417,0.241279,3313.03,0.0083753,0.000000547043,0.00318718,0.800994,168.86,0.00249129,1,0.999846
2025-05-22,0.804319,0.697466,0.424412,0.01371892,5.1,0.09155,25.14,30.32,685.94,111192,0.240475,4.88,2647.84,3188.91,16.14,0.1985901936,0.264972597,1.047,0.606429,0.954078,16.54,98.46,0.202674,0.124378,3.0728,0.01544683,0.782006,0.247915,3318.03,0.00895829,0.000000588354,0.00355111,0.833213,178.09,0.00283958,0.999991,0.999798
2025-05-23,0.787078,0.678405,0.413565,0.01355169,5.12,0.09431,24.77,29.85,673.5,109800,0.236979,4.78,2579.83,3099.15,15.99,0.2045686839,0.2729176477,1.025,0.535729,0.916633,16.37,99.44,0.200667,0.124553,2.8058,0.01527159,0.788314,0.246378,3351.67,0.00881853,0.000000582428,0.00332377,0.823182,181.71,0.00283915,1,0.999801
2025-05-24,0.75993,0.653645,0.39825,0.01165572,4.81,0.09061,23.19,28.01,674.88,108855,0.228458,4.6,2559.19,3073.82,15.44,0.1904236416,0.2531852271,0.98672,0.543108,0.868579,15.74,97.08,0.1913,0.139075,2.7778,0.01428706,0.764662,0.236024,3364.4,0.00844359,0.000000557755,0.00321943,0.788049,176.58,0.00290501,1,0.9998
2025-05-25,0.741039,0.632924,0.38282,0.01107954,4.66,0.09122,22.42,26.97,663.55,107501,0.220105,4.47,2509.42,3017.78,14.88,0.1883642022,0.2514013426,0.93578,0.530669,0.852899,15.18,94.77,0.185713,0.133813,2.7932,0.01352226,0.725651,0.229955,3371.84,0.00810178,0.000000541944,0.00303009,0.753946,172.14,0.00287419,1,0.999787
2025-05-26,0.768243,0.667667,0.398895,0.01107389,4.86,0.08953,23.63,28.57,674.71,109805,0.226049,4.53,2565.18,3081.02,15.44,0.1881981603,0.2503477427,0.984148,0.518047,0.876956,15.7,97.04,0.19079,0.140936,2.7646,0.01420695,0.762387,0.235166,3339.53,0.00833705,0.00000056275,0.00322481,0.780314,177.64,0.00288999,1,0.999801
2025-05-27,0.772407,0.69638,0.411365,0.0107854,4.93,0.0923,23.73,28.77,685.57,110383,0.231292,4.6,2667.87,3199.39,16.5,0.1855477859,0.2477901743,0.993213,0.487651,0.929236,16.04,96.56,0.19514,0.150536,2.8144,0.01452554,0.785658,0.237929,3313.14,0.00848235,0.000000571987,0.0031774,0.804183,178.69,0.00294133,1,0.999793
2025-05-28,0.758522,0.703921,0.412103,0.01092939,4.82,0.09549,23.55,28.63,688.31,108865,0.223334,4.63,2666.92,3208.08,16.21,0.1874252639,0.2501730362,0.962955,0.501762,0.931498,15.97,96.92,0.195474,0.137899,2.7737,0.01443144,0.787438,0.235979,3323.85,0.00851198,0.000000576401,0.00309129,0.793734,174.21,0.00297749,1,0.999791
2025-05-29,0.737016,0.715278,0.40912,0.01137587,4.76,0.091367,22.79,27.57,680.26,106960,0.219607,4.5,2645.95,3185.78,16.04,0.1857825824,0.2474642449,1.02,0.524463,0.921833,15.37,95.43,0.189339,0.132282,2.83,0.0136282,0.752536,0.228734,3333.56,0.00822723,0.000000559451,0.00302575,0.751941,169.38,0.00303432,1,0.999798
2025-05-30,0.707401,0.682924,0.36877,0.01080025,4.44,0.088932,21.72,26.19,670.98,105712,0.204675,4.2,2612.99,3155.47,15.31,0.1796625312,0.2395920821,0.943117,0.487308,0.968705,14.5,90.29,0.17856,0.129246,2.63,0.01267305,0.689389,0.217256,3307.15,0.00792813,0.000000526093,0.00284805,0.714576,163.44,0.00298123,1,0.999825
2025-05-31,0.676292,0.605512,0.340563,0.01054856,4.32,0.08283,20.61,24.87,657.49,104133,0.192373,4.07,2533.73,3050.67,14.46,0.1672954935,0.2224158997,0.893436,0.394953,0.821517,13.88,86.83,0.167541,0.120581,2.43,0.01198989,0.640326,0.20857,3301.57,0.00743433,0.000000495156,0.00252408,0.673198,155.23,0.00292727,1,0.99978
2025-06-01,0.663428,0.623528,0.334801,0.01067088,4.3,0.08372,20.39,24.67,650.39,104128,0.18921,4.02,2497.29,3006.93,14.48,0.1675787228,0.222708594,0.920115,0.364093,0.846416,13.8,86.82,0.169641,0.118719,2.39,0.01182095,0.639327,0.214355,3308.5,0.00806653,0.000000508499,0.00244617,0.671755,152.04,0.00290154,1,0.999782
2025-06-02,0.666896,0.633068,0.335725,0.01062259,4.29,0.082844,20.31,24.56,651.99,104142,0.189709,3.97,2483.14,2990.24,14.66,0.1687249794,0.2248751681,0.999623,0.385908,0.822518,13.69,87.97,0.169336,0.120075,2.39,0.01186245,0.636527,0.211997,3366.69,0.00786494,0.000000500762,0.00252114,0.673077,153.82,0.00291006,1,0.999767
2025-06-03,0.690615,0.690283,0.364507,0.01033562,4.44,0.083037,21.21,25.66,664.35,105373,0.19547,4.14,2607.89,3133.29,16.15,0.1716477491,0.228138207,1.067,0.383101,0.859783,14.1,89,0.177142,0.134019,2.52,0.01250249,0.668696,0.216928,3368.3,0.00804355,0.000000520618,0.00290881,0.708056,161.03,0.00302999,1.001,0.99978
2025-06-04,0.690814,0.752034,0.361967,0.01037649,4.36,0.081511,20.99,25.41,668.05,105013,0.192812,4.09,2624.58,3156.54,15.98,0.172047922,0.2288073182,1.034,0.419037,0.853006,14.14,89.95,0.173091,0.140178,2.5,0.01202597,0.641513,0.211526,3369.48,0.00789224,0.000000508616,0.0028749,0.684035,155.75,0.00306184,1,0.999797
2025-06-05,0.680393,0.703498,0.351355,0.01023473,4.29,0.080644,20.15,24.32,663.83,104851,0.189392,4.01,2607.82,3136.83,15.62,0.1673753516,0.2220835434,1.089,0.363171,0.849571,13.76,87.77,0.169668,0.134962,2.46,0.01175873,0.632422,0.206363,3410.85,0.00786744,0.000000501816,0.00269579,0.681743,152.44,0.00302604,1,0.999758
2025-06-06,0.653899,0.724448,0.333801,0.00958222,4.16,0.075433,19.4,23.46,647.19,103992,0.17796,3.91,2478.62,2987.93,15.13,0.1598721551,0.2128373924,1.024,0.378642,0.775277,13.23,84.78,0.163496,0.132818,2.3,0.01130636,0.59979,0.197675,3378.38,0.00769595,0.000000487037,0.00253575,0.647121,149.67,0.00293965,1,0.999784
2025-06-07,0.669204,0.711419,0.344806,0.00918736,4.3,0.078262,21.01,25.39,648.4,105236,0.186238,4.03,2496.32,3011.22,15.53,0.1648161428,0.2198183569,1.06,0.378727,0.813347,14.01,88.55,0.166474,0.135039,2.43,0.01175312,0.631119,0.198773,3336.63,0.00791623,0.000000490231,0.00270497,0.659355,151.52,0.00295589,1,0.999733
2025-06-08,0.665296,0.709121,0.343698,0.00930112,4.26,0.078749,20.43,24.73,650.37,105619,0.183306,4.04,2508.02,3026.25,15.88,0.1688693194,0.2252571874,1.049,0.390091,0.814425,13.73,87.25,0.166271,0.132754,2.41,0.01162108,0.615955,0.197121,3338.81,0.00784663,0.000000489219,0.0025155,0.653228,149.45,0.00285133,1,0.999794
2025-06-09,0.674645,0.703785,0.349063,0.00880406,4.31,0.080063,20.81,25.28,655.98,107695,0.186078,4.06,2540.51,3060.2,16.34,0.1691968204,0.2265107966,1.056,0.390252,0.828845,13.89,89.15,0.170465,0.132604,2.47,0.01183074,0.61891,0.200285,3340.87,0.00795685,0.000000470471,0.00250659,0.660188,155.22,0.00282242,1,0.999798
2025-06-10,0.709377,0.739255,0.399419,0.00927133,4.56,0.082344,22.38,27.13,666.26,109547,0.19674,4.28,2765.02,3342,17.84,0.1777564499,0.2374135367,1.064,0.367028,0.954657,15.29,92.46,0.181394,0.136485,2.64,0.01292112,0.709739,0.214019,3352.77,0.00839847,0.000000514531,0.00264696,0.722436,160.51,0.00293272,1,0.999799
2025-06-11,0.713733,0.71991,0.400541,0.00997334,4.51,0.081194,21.96,26.56,666.95,109230,0.198951,4.22,2770.98,3337.27,17.46,0.1800168415,0.2406144072,1.13,0.371472,0.960952,15.15,91.03,0.177587,0.148528,2.6,0.01228375,0.708105,0.201436,3348.36,0.00821973,0.000000514531,0.00271174,0.720773,164.27,0.00307644,0.999928,0.999765
2025-06-12,0.684221,0.706614,0.387074,0.0103363,4.41,0.079234,21.13,25.58,663.27,107003,0.188131,4.08,2747.26,3311.91,16.06,0.1729907379,0.231595679,1.15,0.39027,0.938767,14.33,88.87,0.171017,0.141444,2.48,0.01132401,0.683305,0.188982,3406.42,0.00776967,0.000000514531,0.00252991,0.681095,158.63,0.00303916,1,0.999815
2025-06-13,0.639261,0.66301,0.345146,0.01008588,4.13,0.073693,19.34,23.48,652.99,105581,0.178142,3.82,2557.13,3080.43,15.1,0.1632847425,0.2184488418,1.078,0.395438,0.812268,13.45,84.48,0.158294,0.134646,2.24,0.01056507,0.580547,0.176519,3452.68,0.0072222,0.000000514531,0.00230307,0.611241,147.03,0.00277341,1,0.99973
2025-06-14,0.634537,0.693592,0.339533,0.01017955,4.13,0.075506,19.1,23.08,648.48,105043,0.177876,3.8,2533.93,3051.74,14.86,0.1588370798,0.211801561,1.074,0.399073,0.81228,13.12,86.33,0.165678,0.131685,2.23,0.01051284,0.601632,0.176999,3462.01,0.00723146,0.000000514531,0.00228659,0.612766,145.47,0.00287392,1,0.999721
2025-06-15,0.627186,0.672288,0.32765,0.01017423,4.08,0.074506,19,22.96,649.14,105135,0.174358,3.79,2522.18,3039.82,15.1,0.1552947674,0.2077501446,1.079,0.39595,0.812171,13.1,85.46,0.162759,0.122141,2.21,0.01043771,0.590036,0.175775,3494.54,0.00717458,0.000000514531,0.00222609,0.609801,146.55,0.0028209,1,0.999792
2025-06-16,0.650614,0.677986,0.337984,0.01051452,4.26,0.077598,19.79,23.9,657.82,107530,0.178039,3.95,2641.05,3185.66,16.11,0.154576133,0.2060247261,1.2,0.382473,0.856267,13.82,88.15,0.167645,0.134432,2.35,0.01127636,0.609029,0.180803,3426.77,0.00715945,0.000000514531,0.0022042,0.641475,157.01,0.00262565,1,0.999786
2025-06-17,0.623696,0.660551,0.312599,0.01035015,4.08,0.074274,18.98,22.93,653.85,105791,0.171919,3.78,2555.65,3077.23,15.32,0.1543155747,0.2059962738,1.097,0.350219,0.798063,13.27,85.27,0.160943,0.133221,2.2,0.01032294,0.572306,0.174182,3416.52,0.00692259,0.000000514531,0.00207373,0.60033,151,0.002699,1,0.999803
2025-06-18,0.605263,0.623231,0.299503,0.01002808,3.98,0.07205,18.49,22.43,644.08,104767,0.168366,3.68,2508.66,3019.88,14.6,0.1491680614,0.1993215332,1.027,0.339251,0.759921,12.82,84.46,0.155594,0.130452,2.12,0.00981732,0.542032,0.169285,3409.57,0.00662275,0.000000454819,0.00191716,0.580366,146.01,0.00260304,1,0.999735
2025-06-19,0.598189,0.626697,0.302884,0.01010471,4.01,0.072036,17.9,21.7,642.61,104640,0.16941,3.58,2518.42,3037.31,14.77,0.1476386482,0.1971512914,0.979372,0.332476,0.774653,13.05,85.15,0.156538,0.131736,2.17,0.00984015,0.566433,0.170343,3385,0.0064796,0.000000454819,0.0020331,0.592656,144.85,0.00249969,1,0.999798
2025-06-20,0.586017,0.624935,0.298385,0.00969213,3.98,0.074972,17.82,21.65,644.15,104214,0.166665,3.48,2495.99,3015.99,14.46,0.1478020579,0.1981585653,0.944957,0.310685,0.756997,12.88,83.99,0.154906,0.134273,2.13,0.00956885,0.559832,0.172578,3386.48,0.0064186,0.000000454819,0.00202932,0.573638,144.21,0.00260171,0.999946,0.999801
2025-06-21,0.584732,0.618527,0.288401,0.0088927,3.95,0.073634,17.61,21.34,642.6,103925,0.163441,3.46,2443.7,2944.16,14.24,0.1444737107,0.1936277302,0.940141,0.307596,0.716884,12.69,83.24,0.150764,0.130475,2.08,0.0096098,0.545768,0.171907,3392.82,0.00634879,0.000000454819,0.00204383,0.557536,142.42,0.00250908,1,0.999802
2025-06-22,0.544946,0.557969,0.268698,0.01032483,3.75,0.069065,16.6,20.14,629.42,102688,0.155461,3.27,2275.81,2743.1,12.91,0.1369793683,0.1836695579,0.861834,0.265616,0.67243,11.88,80.86,0.137956,0.121437,1.91,0.00850421,0.498839,0.160568,3426.2,0.00589721,0.000000454819,0.00186998,0.518056,133.16,0.00230836,1,0.999805
2025-06-23,0.545231,0.568541,0.27255,0.00899105,3.82,0.069848,16.99,20.43,619.41,101478,0.153513,3.22,2260.82,2727.49,13.3,0.1336156738,0.1785354012,0.816075,0.24896,0.658164,11.93,81.45,0.136378,0.125645,1.94,0.00888353,0.498938,0.156032,3382.18,0.0059502,0.00000040368,0.00170683,0.515768,134.93,0.00232349,1,0.999796
2025-06-24,0.582747,0.615134,0.31489,0.00949682,4.06,0.074384,18.11,21.94,639.75,105096,0.162702,3.44,2423.19,2917.88,14.25,0.151763269,0.2035681654,0.909606,0.243104,0.712961,13.2,84.17,0.147056,0.133391,2.17,0.01007808,0.552945,0.163611,3330.51,0.00640409,0.000000417299,0.00207345,0.578522,144.16,0.00231171,1,0.999804
2025-06-25,0.5788,0.619222,0.31748,0.00921938,4.05,0.073115,18.02,21.81,646.93,107394,0.165578,3.43,2432.54,2961.11,14.17,0.1536753306,0.2060080277,0.877697,0.256504,0.711774,13.23,84.97,0.148829,0.138261,2.18,0.01001096,0.55431,0.154899,3329.84,0.00644287,0.00000043753,0.00202102,0.600238,146.68,0.00231291,1,0.999901
2025-06-26,0.563276,0.607825,0.301543,0.00928523,3.97,0.072564,17.41,21.1,644.97,107377,0.161648,3.33,2451.32,2955.76,13.96,0.1497569395,0.2010307097,0.854573,0.249108,0.701813,13.19,84.95,0.146855,0.133667,2.09,0.00970913,0.534983,0.149487,3347.89,0.00635793,0.00000041415,0.0019922,0.582257,143.78,0.00230906,1,0.9999
2025-06-27,0.550894,0.598403,0.300026,0.00918209,3.89,0.071532,17.39,21.03,645.42,106746,0.159227,3.32,2425.95,2924.92,13.42,0.1426867697,0.1904416713,0.836688,0.245431,0.691326,12.94,83.77,0.143657,0.132257,2.07,0.00946489,0.528578,0.147953,3287.31,0.00619876,0.00000041394,0.00194121,0.573089,142.49,0.00228178,1,0.999863
2025-06-28,0.564233,0.598346,0.307629,0.00845533,4.02,0.071796,17.87,21.68,646.52,107354,0.163153,3.38,2436.09,2939.35,13.89,0.1461325871,0.1956352691,0.863302,0.249125,0.709565,13.3,86.87,0.147417,0.128085,2.14,0.00970639,0.546966,0.149162,3291.95,0.00638161,0.00000041394,0.00193666,0.587595,149.23,0.0022404,1,0.999804
2025-06-29,0.564788,0.604956,0.31039,0.00873747,4.02,0.071952,18.01,21.85,650.54,108237,0.164384,3.43,2455.16,2964.84,13.79,0.147883201,0.1977978002,0.865387,0.237339,0.726656,13.42,86.64,0.148073,0.127557,2.15,0.00993938,0.559158,0.14885,3288.14,0.00641957,0.00000041394,0.00184439,0.590466,151.31,0.00224479,1,0.999867
2025-06-30,0.564549,0.613798,0.369524,0.00879606,4.12,0.07129,18.11,21.98,654.45,107744,0.164978,3.43,2462.61,2968.36,14.07,0.1526096477,0.2042786924,0.831281,0.230619,0.742161,13.22,85.58,0.149026,0.118001,2.18,0.01007113,0.580841,0.143241,3290.63,0.00647478,0.00000041394,0.00193555,0.586903,150.48,0.00224571,1,0.999868
2025-07-01,0.551824,0.590486,0.326933,0.0077453,4.02,0.070235,17.38,21.11,650.86,106658,0.159684,3.32,2442.89,2945.37,13.25,0.1500492429,0.2008670553,0.909683,0.2416,0.714992,13.07,85.27,0.143404,0.121295,2.09,0.00957852,0.542127,0.139454,3355.86,0.00617831,0.000000377435,0.00190076,0.562405,148.11,0.00218807,1,0.999916
2025-07-02,0.561526,0.606549,0.346853,0.00801823,4.02,0.070395,17.55,21.29,657.15,107582,0.161265,3.35,2447.79,2949.51,13.76,0.1446776796,0.1940218249,0.919283,0.249549,0.721241,13.08,84.46,0.145016,0.123523,2.14,0.00971674,0.544929,0.141138,3350.12,0.00599002,0.000000375839,0.00196519,0.566677,148.57,0.00217444,1,0.999902
2025-07-03,0.59732,0.63207,0.347909,0.00791396,4.2,0.072972,18.64,22.67,659.6,108896,0.171873,3.56,2574.82,3113.66,14.5,0.159269,0.20916417,0.974765,0.254852,0.769131,13.74,90.53,0.151512,0.129254,2.28,0.01031798,0.57365,0.145582,3325.08,0.0062568,0.000000398707,0.00209648,0.596724,152.66,0.0022519,1,0.999904
2025-07-04,0.582705,0.607676,0.330018,0.00785179,4.08,0.071821,18.14,22.03,659.95,108859,0.167207,3.44,2551.7,3081.25,14.57,0.155954,0.2127042063,0.949369,0.225431,0.748265,13.38,88.06,0.149371,0.09842,2.19,0.00996307,0.54938,0.143254,3341.4,0.00587265,0.000000391699,0.00196055,0.570469,150.59,0.00221778,1,0.999998
2025-07-05,0.575346,0.595658,0.324042,0.00785623,4,0.071125,17.9,21.74,655.24,108200,0.164301,3.36,2519.99,3040.55,13.85,0.155118,0.2051780051,0.849539,0.23084,0.722322,13.2,86.83,0.148677,0.130152,2.13,0.00958102,0.529993,0.140884,3346.23,0.00576872,0.00000039367,0.00189538,0.556824,148.41,0.00223572,1,0.999872
2025-07-06,0.580248,0.604088,0.327514,0.00768726,4.02,0.070798,17.98,21.83,656.54,108189,0.166365,3.37,2520.15,3039.75,13.74,0.155557,0.2062256245,0.851031,0.250119,0.724991,13.23,87.34,0.148337,0.118907,2.15,0.00923828,0.53651,0.140291,3346.83,0.00572527,0.000000396189,0.00191351,0.560479,148.43,0.0023313,1,0.999864
2025-07-07,0.586739,0.61061,0.332245,0.00776703,4.08,0.070738,18.16,22.08,662.05,108601,0.170856,3.38,2562.75,3089.57,14.02,0.159502,0.2140289423,0.87479,0.223145,0.736617,13.57,86.83,0.150236,0.110963,2.17,0.00932269,0.543554,0.149177,3313.53,0.00583454,0.000000440723,0.00189684,0.562906,152.77,0.00235824,0.999982,0.999901
2025-07-08,0.586662,0.600502,0.336202,0.00774301,4.09,0.067812,18.2,22.11,660.71,108871,0.171236,3.4,2582.24,3118.22,14.06,0.160223,0.2119438056,0.870431,0.226284,0.722266,13.55,86.95,0.149781,0.132341,2.18,0.00943546,0.545924,0.147855,3328.66,0.00588431,0.000000438339,0.00184692,0.565081,152.15,0.00234125,1,0.999903
2025-07-09,0.614608,0.616564,0.344073,0.00782131,4.22,0.068833,18.68,22.73,662.17,109514,0.174349,3.54,2660.44,3211.17,14.55,0.17061,0.2162689027,0.904608,0.252195,0.749202,14.14,88.71,0.153316,0.098039,2.29,0.01008202,0.562801,0.151322,3302.69,0.00607042,0.000000454631,0.00198857,0.587015,154.25,0.00236609,1,0.999896
2025-07-10,0.626105,0.630239,0.357453,0.0082845,4.31,0.071851,19.54,23.75,670.89,110888,0.18019,3.64,2775.65,3351.35,11.5,0.176798,0.2297937578,0.929322,0.310568,0.767091,14.29,90.73,0.157071,0.131639,2.35,0.01050098,0.589198,0.15455,3325.03,0.00618669,0.000000483191,0.00220063,0.603151,157.36,0.00261243,1,0.999934
2025-07-11,0.75129,0.678726,0.420835,0.00895732,4.76,0.079009,21.44,26.07,693.22,117978,0.204652,4.06,2998.51,3631.8,13.29,0.204942,0.2532265987,1.093,0.367793,0.878153,15.8,97.24,0.176843,0.136881,2.63,0.0122004,0.697927,0.171875,3353.11,0.00683035,0.000000542999,0.00314108,0.679228,167.67,0.00272695,1,0.999811
2025-07-12,0.710733,0.647443,0.392315,0.00915517,4.6,0.076183,20.63,25.09,686.56,117476,0.195455,3.9,2936.49,3541.42,12.81,0.198055,0.2586079221,1.029,0.32953,0.812202,15.02,92.42,0.166871,0.147475,2.47,0.01160318,0.640443,0.176063,3347.09,0.00678759,0.000000516363,0.00280964,0.639189,159.43,0.00245631,1,0.999892
2025-07-13,0.737965,0.665953,0.419337,0.00870695,4.68,0.076598,21.29,25.85,692.41,118326,0.200011,4,2978.81,3600.45,13.15,0.234819,0.2635748638,1.08,0.309839,0.835323,15.48,95.16,0.171881,0.113536,2.55,0.0121576,0.665104,0.178417,3350.91,0.00689883,0.00000053476,0.00300501,0.658021,162.29,0.00246793,1,0.999862
2025-07-14,0.749772,0.675493,0.420684,0.01113664,4.72,0.08237,21.72,26.4,704.61,121719,0.206117,4.1,3050.28,3682.86,12.86,0.240517,0.3222099024,1.057,0.290022,0.879307,16.29,97.08,0.174724,0.149758,2.65,0.01230305,0.682281,0.183089,3364,0.00691149,0.000000557131,0.00335033,0.662405,166.94,0.00249928,1,0.999853
2025-07-15,0.726029,0.626907,0.400505,0.01118574,4.5,0.083093,21.01,25.56,680.65,117073,0.191645,3.87,2980.76,3598.48,12.31,0.231315,0.3173315759,1.042,0.268093,0.840083,15.34,92.44,0.166209,0.139135,2.5,0.01149393,0.64802,0.173335,3356.25,0.00666811,0.000000536641,0.00302618,0.621179,159.67,0.00249495,0.999857,0.999904
2025-07-16,0.750571,0.660601,0.436085,0.0117793,4.65,0.082045,22.06,26.84,693.04,118727,0.201351,4.12,3176.85,3839.28,13.2,0.239479,0.3106763808,1.068,0.267706,0.911099,16.57,97.29,0.172463,0.132191,2.67,0.01204206,0.715568,0.181984,3342.03,0.00694094,0.00000055773,0.00325181,0.667032,166.81,0.0025278,1,0.999907
2025-07-17,0.806359,0.669027,0.442932,0.01283857,4.78,0.084722,22.84,27.77,717.19,117882,0.214668,4.21,3430.08,4142.11,13.25,0.247246,0.3171147048,1.15,0.287389,0.931969,17.09,99.49,0.175389,0.139561,2.79,0.0121874,0.710348,0.186456,3334.35,0.00723035,0.000000578303,0.00356902,0.683962,176.15,0.00229389,1,0.999809
2025-07-18,0.836038,0.692071,0.482631,0.01260006,5,0.088554,24.04,29.2,746.44,117935,0.244841,4.36,3574.73,4300.28,13.72,0.269588,0.3760831539,1.18,0.279211,1.11,18.15,104.96,0.183168,0.132772,2.89,0.01269133,0.795768,0.192904,3363.05,0.00758549,0.000000592829,0.00390022,0.70695,177.68,0.00231744,1,0.999913
2025-07-19,0.817009,0.66568,0.453165,0.0124842,4.83,0.081087,23.64,28.66,737.67,118265,0.245092,4.22,3547.56,4291.03,13.53,0.264444,0.3482782349,1.12,0.29137,1.079,17.71,101.07,0.174776,0.119667,2.82,0.01203359,0.739381,0.186985,3360.84,0.00804789,0.000000583782,0.00370454,0.688439,176.41,0.00217276,1,0.999836
2025-07-20,0.849595,0.693638,0.485944,0.01238691,5.17,0.083797,24.98,30.43,746.75,117982,0.25229,4.48,3736.78,4521.76,14,0.271842,0.3604981616,1.16,0.279083,1.21,19.27,116.33,0.182789,0.134999,2.99,0.01327567,0.781933,0.200926,3356.35,0.00815633,0.000000615323,0.0039969,0.760714,180.35,0.00222609,1,0.999906
2025-07-21,0.921966,0.75758,0.492019,0.01233708,5.25,0.083702,25.94,31.59,772.25,118234,0.272829,4.59,3815.1,4595,13.93,0.284964,0.364647859,1.27,0.259029,1.25,19.99,116.97,0.187641,0.145972,3.02,0.01357409,0.799587,0.207533,3386.65,0.00830659,0.000000631737,0.00424834,0.766972,191.34,0.0022293,1,0.999845
2025-07-22,0.877067,0.711466,0.469316,0.01168226,5.05,0.081511,25.46,30.95,763.22,119171,0.267407,4.39,3703.74,4472.28,13.59,0.266413,0.3645722231,1.18,0.264094,1.18,19.26,115.09,0.184654,0.140247,2.96,0.01294276,0.765966,0.198777,3391.05,0.00805709,0.000000618002,0.00396482,0.722207,198.88,0.00216531,1,0.999852
2025-07-23,0.828506,0.697801,0.440623,0.01217106,4.84,0.079686,24.18,29.28,787.89,118015,0.246584,4.26,3608.83,4350.84,13.37,0.252956,0.3694223226,1.13,0.237971,1.1,18.31,113.38,0.17691,0.134667,2.82,0.01216279,0.725682,0.19183,3412.61,0.00787559,0.000000598322,0.00385901,0.68527,191.23,0.00211562,1,0.999906
2025-07-24,0.811726,0.649384,0.43417,0.01085593,4.66,0.077752,23.79,28.88,768.96,118576,0.238474,4.01,3647.58,4405.24,12.98,0.241361,0.3310207434,1.13,0.250875,1.085,18.04,113.34,0.168039,0.131356,2.71,0.0112087,0.694738,0.181244,3369.43,0.00750729,0.000000572395,0.00368959,0.645167,186.36,0.00212923,1,0.999906
2025-07-25,0.807752,0.654814,0.440789,0.01107651,4.69,0.077605,23.7,28.81,774.51,116127,0.231054,4.04,3705.12,4493.55,13.09,0.248382,0.3203841485,1.16,0.27362,1.096,18.26,114.83,0.170367,0.147093,2.78,0.01143529,0.712766,0.184288,3350.7,0.00754024,0.000000568088,0.00346971,0.641566,181.03,0.00218307,1,0.999901
2025-07-26,0.8275,0.640899,0.447174,0.01116745,4.74,0.078277,24.27,29.53,782.45,117964,0.237416,4.11,3746.25,4515.68,13.32,0.274406,0.34810845,1.15,0.264138,1.087,18.3,114.08,0.17223,0.138776,2.88,0.01165565,0.720653,0.18685,3353.25,0.00769149,0.000000580219,0.00364703,0.652446,188.03,0.00216149,1,0.999882
2025-07-27,0.824855,0.644247,0.45221,0.01056941,4.79,0.082466,24.92,30.34,796.15,118085,0.237019,4.16,3825.86,4624.16,13.57,0.283927,0.3767156532,1.16,0.272629,1.1,18.79,113.31,0.174688,0.138385,2.9,0.01192624,0.725921,0.189993,3359.24,0.00780376,0.000000596472,0.00366756,0.660612,186.85,0.00203107,1,0.999803
2025-07-28,0.801246,0.612878,0.443801,0.00978271,4.75,0.079848,25.78,31.37,832.87,117702,0.231298,4.05,3788.79,4578.2,13.41,0.272601,0.3915840806,1.16,0.287625,1.091,18.35,110.08,0.168459,0.149114,2.81,0.01134325,0.79444,0.184987,3319.67,0.00778461,0.000000585671,0.00353041,0.650541,185.99,0.00204558,0.999934,0.999774
2025-07-29,0.797239,0.623976,0.436387,0.0097426,4.67,0.079381,24.75,30.04,824.61,118590,0.228041,4,3836.12,4635.1,13.25,0.273603,0.3634950896,1.12,0.276573,1.08,18.17,109.52,0.166621,0.143146,2.76,0.01126192,0.758743,0.182688,3327.11,0.00770732,0.000000584511,0.00359059,0.634121,183.26,0.00202027,0.999892,0.999772
2025-07-30,0.759349,0.590373,0.407374,0.00955185,4.43,0.077079,23.25,28.22,783.27,117633,0.216424,3.76,3772.37,4564.53,12.62,0.25442,0.3540368938,1.034,0.262874,1.004,17.36,108.22,0.158348,0.133011,2.62,0.01058286,0.687809,0.172851,3331,0.0073691,0.000000549883,0.00367697,0.597848,177.37,0.00194034,0.99995,0.999788
2025-07-31,0.758239,0.587297,0.405587,0.01009943,4.3,0.076693,22.88,27.88,791.38,117991,0.215524,3.76,3774.84,4568.51,13.02,0.265145,0.3440621878,1.059,0.253351,0.98632,17.39,108.99,0.158807,0.137876,2.6,0.01058069,0.684109,0.171024,3303.25,0.00737035,0.000000554915,0.00349372,0.597388,176.42,0.0021946,0.999807,0.999804
2025-08-01,0.729266,0.56645,0.391867,0.00940348,4.23,0.074275,22.19,26.94,774.22,115780,0.208011,3.67,3669.61,4433.32,12.44,0.247996,0.3381634486,1.006,0.246684,0.936433,16.73,105.74,0.153262,0.136901,2.49,0.010185,0.660532,0.165754,3341.41,0.00707431,0.000000543467,0.00330912,0.579252,169.29,0.00201684,0.999702,0.999709
2025-08-02,0.714844,0.549223,0.376359,0.00818035,4.13,0.072524,21.49,26.17,756.62,113750,0.199753,3.55,3506.87,4212.64,12.04,0.237479,0.3250636041,0.994871,0.244917,0.894749,16.03,106.97,0.150707,0.139657,2.4,0.00996676,0.639567,0.161345,3363.28,0.00683736,0.000000525939,0.00315658,0.562406,164.45,0.00200853,0.999684,0.999692
2025-08-03,0.724189,0.554705,0.381634,0.00837815,4.25,0.072157,21.39,26.05,748.96,113828,0.19831,3.61,3484.99,4209.2,12.55,0.245094,0.3099189348,1.011,0.247577,0.901501,16.16,109.38,0.153054,0.139657,2.43,0.0103665,0.64885,0.164719,3360.08,0.00684924,0.000000533215,0.00323938,0.575095,161.58,0.00253838,0.999981,0.999797
2025-08-04,0.739084,0.559482,0.390516,0.00844164,4.27,0.074581,21.88,26.6,756.32,114501,0.201471,3.63,3557.86,4293.37,12.71,0.246838,0.3350201779,1.019,0.247589,0.927129,16.59,114.92,0.154381,0.139657,2.48,0.01040731,0.666706,0.171465,3371.57,0.00687639,0.00000056864,0.00331505,0.589268,162.56,0.00462989,1,0.999809
2025-08-05,0.728946,0.558425,0.384687,0.00842945,4.23,0.073789,21.92,26.7,749.35,113107,0.199559,3.61,3587.32,4334.66,13.28,0.243117,0.3366589177,0.987403,0.233255,0.903477,16.41,122.5,0.15213,0.139657,2.5,0.0103308,0.672177,0.176353,3384.97,0.00691563,0.000000557979,0.00340238,0.585906,164.73,0.00397976,0.999829,0.999731
2025-08-06,0.725956,0.548842,0.380988,0.00806353,4.18,0.07396,21.86,26.63,759.9,113883,0.200367,3.59,3588.72,4340.68,13.55,0.238488,0.3218474201,0.991282,0.228285,0.914895,16.35,115.56,0.151393,0.139657,2.45,0.01019577,0.658998,0.174028,3370.93,0.00682719,0.000000542337,0.00341559,0.578879,164.02,0.00462001,0.999885,0.999809
2025-08-07,0.768775,0.590196,0.40775,0.00722424,4.41,0.076432,22.73,27.75,774.35,116384,0.213346,3.79,3836.05,4634.73,14.23,0.253113,0.3286372614,1.044,0.238544,1.018,17.36,119.82,0.158158,0.139657,2.59,0.01076695,0.697335,0.178472,3380.99,0.00720673,0.000000566723,0.00371006,0.617792,172.14,0.01585035,0.999999,0.999609
2025-08-08,0.787896,0.617156,0.41746,0.00734806,4.54,0.077226,23.27,28.37,785.91,116549,0.221984,3.88,3896.12,4739.04,14.46,0.260426,0.3490135749,1.13,0.229607,1.094,19.3,121.88,0.160551,0.139657,2.64,0.01085818,0.729697,0.179239,3386.73,0.00730923,0.000000582032,0.00421002,0.622485,176.49,0.01458153,1,0.99971
2025-08-09,0.811174,0.64182,0.463262,0.00752527,4.74,0.079737,24.24,29.61,806.02,116746,0.24177,4.1,4214.48,5087.25,15.02,0.263969,0.3525786346,1.14,0.245149,1.19,21.14,122.02,0.167485,0.139657,2.81,0.01141375,0.792294,0.187939,3389.9,0.00761889,0.000000601933,0.00435814,0.662318,180.43,0.01233577,1,0.999815
2025-08-10,0.790761,0.625072,0.452862,0.00697465,4.61,0.079548,23.58,28.8,800.14,118367,0.230929,4,4189.81,5059.92,18.23,0.256163,0.3582379281,1.11,0.245736,1.28,21.6,122.09,0.162376,0.139657,2.73,0.01112453,0.763044,0.183536,3387.86,0.00746459,0.000000604464,0.00425746,0.650702,180.19,0.01276393,0.999999,0.999818
2025-08-11,0.789086,0.613785,0.44396,0.00700639,4.5,0.080302,23.26,28.36,797.79,119887,0.228343,3.92,4178.51,5049.14,16.66,0.253143,0.3492126371,1.13,0.239936,1.43,21.31,125.57,0.159015,0.139657,2.66,0.01081699,0.759863,0.180641,3345.81,0.00726547,0.000000590693,0.00428685,0.645973,178.74,0.00896432,0.999679,0.999709
2025-08-12,0.786968,0.61852,0.452778,0.00648359,4.58,0.078475,23.36,28.16,805.19,118881,0.224668,3.95,4344.17,5265.49,16.8,0.249278,0.3322137327,1.12,0.2394,1.54,22.12,120.71,0.16093,0.139657,2.66,0.01078868,0.767562,0.180843,3346.18,0.00715341,0.000000593071,0.0044101,0.659224,176.59,0.00817179,0.999756,0.999812
2025-08-13,0.879851,0.648999,0.495309,0.00649265,4.8,0.079928,25.09,30.6,853.24,120380,0.246503,4.25,4693.48,5675.54,17.38,0.264067,0.3519903589,1.21,0.242488,1.53,23.73,131.53,0.167344,0.139657,2.89,0.01186417,0.813457,0.189694,3348.52,0.00757114,0.000000631904,0.00520366,0.706744,201.82,0.00914605,0.99997,0.99973
2025-08-14,0.963603,0.637767,0.536515,0.00552125,4.73,0.079606,25.03,30.54,861.14,120983,0.237761,4.2,4721.21,5695.66,16.98,0.262547,0.3575629122,1.33,0.242806,1.43,23.34,127.69,0.163173,0.139657,2.92,0.01172907,0.815377,0.187114,3347.06,0.0074706,0.000000624877,0.00545734,0.703074,203.48,0.00539966,1,0.999777
2025-08-15,0.944349,0.608729,0.515302,0.00485315,4.51,0.078093,24.52,29.83,846.43,118774,0.230247,4,4644.4,5611.21,15.63,0.254125,0.3344831957,1.42,0.251453,1.4,22.45,121.49,0.155007,0.139657,2.78,0.01102826,0.756483,0.175781,3338.69,0.00714141,0.000000624877,0.00527634,0.671143,194.62,0.0049227,1.001,0.999799
2025-08-16,0.905467,0.608754,0.474883,0.00558905,4.47,0.076059,23.64,28.91,827.58,117453,0.227888,3.9,4389.16,5308.93,15.14,0.248592,0.33266579,1.47,0.363691,1.37,21.49,117.43,0.158881,0.139657,2.7,0.01082792,0.719135,0.173603,3331.77,0.00705778,0.000000624877,0.00501656,0.696418,185.83,0.00390058,1.001,0.999801
2025-08-17,0.969525,0.639438,0.530399,0.00601038,4.68,0.076542,24.84,30.29,862.07,118311,0.234173,4.09,4547.86,5496.82,15.89,0.256544,0.3387448796,1.56,0.330913,1.42,24.66,122.33,0.161005,0.139657,2.8,0.01147931,0.76748,0.179271,3330.8,0.00759263,0.000000624877,0.00532073,0.719019,193.39,0.00395425,1,0.999797
2025-08-18,0.901364,0.607678,0.517614,0.00552504,4.44,0.074609,23.79,28.95,833.94,115240,0.223115,3.94,4300.81,5178.48,15.15,0.241724,0.3405029676,1.48,0.314339,1.29,24.81,116.92,0.152707,0.139657,2.59,0.01071902,0.731296,0.168275,3343.85,0.00700455,0.000000624877,0.00505865,0.672144,182.02,0.00412871,1.001,0.999851
2025-08-19,0.91368,0.612916,0.494183,0.0052971,4.38,0.072608,23.03,28.12,840.64,114561,0.218492,3.84,4261.27,5169.01,14.87,0.238381,0.3284465922,1.47,0.366703,1.29,24.43,114.97,0.153507,0.139657,2.5,0.01062078,0.709661,0.166781,3332.11,0.00703296,0.000000624877,0.00494299,0.66252,181.32,0.00445231,1,0.999841
2025-08-20,0.852821,0.600375,0.489055,0.00501348,4.38,0.072691,22.88,27.76,831.44,113847,0.214588,3.79,4211.49,5061.74,14.94,0.234167,0.3125710472,1.37,0.322536,1.34,24.97,114.89,0.153427,0.139657,2.47,0.01060028,0.709408,0.164562,3322.59,0.00694074,0.000000624877,0.00459392,0.650632,180.85,0.0040432,0.999948,0.999878
2025-08-21,0.867663,0.598451,0.49525,0.00605991,4.48,0.071836,23.11,28.22,850.42,113153,0.217521,3.83,4271.08,5173.2,14.88,0.235931,0.324700136,1.45,0.376989,1.28,26.16,114.66,0.152424,0.139657,2.48,0.01083369,0.713551,0.165996,3332.13,0.00695851,0.000000624877,0.00466236,0.651098,184,0.00400746,0.999917,0.9999
2025-08-22,0.827468,0.568344,0.477714,0.00541457,4.32,0.069776,22.36,27.47,846.54,111769,0.209985,3.71,4215.99,5112.51,14.45,0.229558,0.3165792425,1.35,0.375306,1.29,24.21,113.08,0.149007,0.139657,2.38,0.01036653,0.69233,0.160839,3320.35,0.00669162,0.000000624877,0.00440655,0.621157,178.13,0.00385175,0.999811,0.99971
2025-08-23,0.91213,0.630244,0.587547,0.00569579,4.85,0.072653,26.12,31.92,890.24,115180,0.236941,4.15,4713.89,5669.59,15.47,0.249139,0.3458910496,1.47,0.419909,1.49,25.73,121.28,0.161445,0.139657,2.68,0.0114672,0.7847,0.175586,3358.35,0.00747333,0.000000624877,0.0048599,0.711425,202.27,0.00398767,0.999588,0.999781
2025-08-24,0.902532,0.614402,0.584294,0.00535913,4.71,0.072629,25.57,31.05,868.29,114701,0.232636,4.08,4810.58,5793.1,15.28,0.24782,0.3413436572,1.45,0.408943,1.46,25.65,119.81,0.157672,0.139657,2.64,0.0109596,0.781023,0.171261,3359.63,0.00725698,0.000000624877,0.00466104,0.689953,207.92,0.00408924,0.999766,0.999796
2025-08-25,0.866817,0.588374,0.546575,0.00531165,4.57,0.07098,24.2,29.64,856.24,111395,0.219736,3.89,4609.46,5574.6,15.15,0.237155,0.3343472286,1.38,0.382601,1.36,24.42,111.48,0.153226,0.139657,2.5,0.01105335,0.728341,0.166587,3359.19,0.00696668,0.000000624877,0.0044244,0.657262,197.63,0.00405107,0.999862,0.999803
2025-08-26,0.832736,0.56785,0.524313,0.00588647,4.47,0.071007,23.33,28.52,840.03,109645,0.209548,3.77,4412.49,5340.04,14.87,0.233882,0.3117355604,1.35,0.381621,1.28,23.42,110.19,0.146905,0.139657,2.42,0.01027508,0.690405,0.161492,3365.66,0.0067719,0.000000624877,0.00419244,0.637541,187.44,0.00405192,1,0.999814
2025-08-27,0.868383,0.580492,0.522075,0.00567927,4.53,0.093536,24.98,30.54,860.38,111933,0.220351,3.9,4619.96,5579.22,15.39,0.241816,0.3260314689,1.45,0.381778,1.27,24.36,113.65,0.149589,0.139657,2.52,0.01057938,0.703572,0.168669,3371.62,0.00712208,0.000000624877,0.00427513,0.735649,205.05,0.00379474,1,0.999735
2025-08-28,0.866697,0.584574,0.521852,0.00575307,4.59,0.08056,24.48,29.97,873.6,112914,0.223595,3.96,4588.84,5548.82,15.55,0.238499,0.3203318019,1.35,0.376564,1.27,23.83,113.4,0.150049,0.139657,2.52,0.01065423,0.717941,0.171267,3398.14,0.00745151,0.000000624877,0.00434373,0.729305,212.8,0.00363019,1,0.999813
2025-08-29,0.823821,0.567072,0.494642,0.005602,4.54,0.078011,23.58,28.85,856.28,108620,0.213754,3.79,4282.44,5165.33,14.61,0.225717,0.3217025499,1.26,0.333758,1.21,23.28,109.62,0.146824,0.139657,2.44,0.01031873,0.685813,0.163943,3434.51,0.0071113,0.000000616725,0.00399082,0.690573,208.29,0.00341151,1,0.999817
2025-08-30,0.823758,0.568431,0.499076,0.00595934,4.51,0.076093,23.73,29.04,859.02,108526,0.21576,3.79,4381.44,5303.3,14.9,0.225656,0.3084926834,1.27,0.336062,1.22,23.38,110.41,0.148125,0.139657,2.44,0.01041552,0.708677,0.166845,3461.46,0.00718846,0.000000625773,0.00392385,0.708235,202.08,0.00332389,1,0.999762
2025-08-31,0.823009,0.577273,0.511347,0.00564272,4.59,0.0794,24.02,29.35,859.74,108355,0.217976,3.81,4471.07,5412.36,15.04,0.224556,0.3035152311,1.25,0.338574,1.23,23.77,111.22,0.150248,0.139657,2.44,0.01061378,0.706234,0.16952,3462.33,0.00724208,0.000000625995,0.0039602,0.699138,202.98,0.00337157,1,0.999801
2025-09-01,0.820262,0.563492,0.496583,0.00531461,4.48,0.081097,23.76,29.07,852.78,108776,0.216065,3.77,4393.12,5312.56,14.65,0.218446,0.296906102,1.28,0.331833,1.18,23.24,109.54,0.147295,0.139657,2.38,0.01017871,0.705069,0.164188,3482.85,0.00706435,0.000000621147,0.00383726,0.671087,199.35,0.00326852,1,0.999906
2025-09-02,0.812453,0.562286,0.485715,0.00496824,4.4,0.079018,23.89,29.29,845.76,109292,0.209837,3.74,4319.27,5234.33,14.54,0.214758,0.2875785646,1.25,0.303412,1.16,23.01,109.89,0.145249,0.139657,2.35,0.01018008,0.693766,0.162265,3496.02,0.00717743,0.000000603755,0.00371459,0.66441,200.23,0.0028541,1,0.999723
2025-09-03,0.83329,0.573876,0.503314,0.00475144,4.47,0.077284,24.96,30.58,854.81,111384,0.216725,3.83,4381.65,5304.39,14.65,0.220484,0.2950098192,1.23,0.302802,1.22,23.51,112.1,0.147183,0.139657,2.45,0.01025514,0.718492,0.164851,3570.8,0.00731942,0.000000617313,0.00376745,0.674385,210.53,0.00289013,1,0.999819
2025-09-04,0.8181,0.567011,0.497107,0.00461105,4.41,0.077495,24.62,30.13,847.84,110847,0.215734,3.78,4409.29,5341.61,14.11,0.214317,0.297073222,1.21,0.298263,1.2,23.3,111.1,0.14493,0.139657,2.41,0.01012888,0.70219,0.164958,3553.82,0.0072526,0.000000609212,0.00378823,0.660669,207.36,0.00296116,1,0.999833
2025-09-05,0.83384,0.576585,0.502351,0.00463466,4.49,0.076864,24.81,30.36,851.5,112508,0.217752,3.84,4440.18,5371.71,14.35,0.220288,0.2881407079,1.26,0.296243,1.21,22.87,112.96,0.147339,0.139657,2.44,0.01022878,0.717351,0.167094,3557.06,0.00734877,0.000000631225,0.00376495,0.674893,207.08,0.00291051,1,0.999808
2025-09-06,0.823533,0.573441,0.492199,0.00431941,4.38,0.075272,24.17,29.56,862.41,110848,0.214331,3.82,4302.34,5206.89,14.07,0.216339,0.2953494608,1.22,0.275645,1.16,22.29,111.7,0.145587,0.139657,2.39,0.0099868,0.715247,0.163957,3607.2,0.00732032,0.000000624723,0.00377986,0.65958,202.61,0.00292131,1,0.99984
2025-09-07,0.833146,0.583211,0.494905,0.00425503,4.46,0.076622,24.48,29.98,873.28,111286,0.219144,3.87,4310.25,5218.45,14.32,0.22,0.2900060052,1.26,0.263556,1.19,22.4,114.15,0.14817,0.139657,2.44,0.0100572,0.720325,0.166409,3621.25,0.00741294,0.000000641553,0.00385872,0.672185,203.89,0.00292894,1,0.9997
2025-09-08,0.851068,0.592655,0.499161,0.00425908,4.52,0.083379,25.17,30.81,877.81,111936,0.233292,4.01,4313.1,5227.5,14.4,0.222957,0.2933933352,1.31,0.251354,1.2,22.98,113.2,0.149149,0.139657,2.5,0.01018299,0.73364,0.165228,3623.02,0.00748735,0.000000665418,0.0040731,0.67725,213.83,0.00292897,0.999992,0.9998
2025-09-09,0.890292,0.620856,0.535582,0.00430304,4.65,0.082227,26.09,31.95,881.16,112755,0.245771,4.17,4361.38,5278.32,14.83,0.233768,0.3048785881,1.37,0.26033,1.24,23.68,113.67,0.156816,0.139657,2.75,0.01095631,0.786189,0.17223,3663.33,0.00734803,0.000000697546,0.00433481,0.708122,218.03,0.00293264,1,0.999803
2025-09-10,0.880471,0.613665,0.5106,0.00395202,4.65,0.079725,27.43,33.53,887.2,113194,0.242462,4.12,4377.76,5269.21,14.87,0.232872,0.3071895439,1.36,0.262428,1.22,23.54,113.44,0.152337,0.139657,2.68,0.01081357,0.775812,0.171694,3657.54,0.00734724,0.00000068187,0.00411138,0.69154,222.22,0.00292897,1,0.999715
2025-09-11,0.879755,0.601522,0.517672,0.00377624,4.63,0.0801,28.82,35.17,897.91,113937,0.247302,4.18,4416.85,5346.27,14.95,0.236934,0.3153774239,1.33,0.257515,1.25,23.75,116.62,0.151883,0.139657,2.71,0.01073631,0.777423,0.170856,3634.15,0.00732615,0.000000682246,0.00448258,0.695718,226.12,0.00293049,1,0.999784
2025-09-12,0.893819,0.611264,0.531643,0.00367939,4.68,0.080296,28.65,35.09,909,115222,0.264579,4.23,4552.41,5523.8,15.04,0.242349,0.3229731862,1.38,0.268031,1.29,24.6,116.58,0.154001,0.139657,2.74,0.0108578,0.784284,0.171361,3651.71,0.00745454,0.00000069422,0.0045163,0.711243,240.88,0.00297582,1,0.999774
2025-09-13,0.946127,0.631028,0.554145,0.00363149,4.86,0.083909,30.41,37.24,939.53,116048,0.293819,4.58,4728.61,5725.11,15.56,0.252213,0.3308029529,1.44,0.272504,1.32,25.28,120.14,0.160155,0.139657,2.87,0.01143095,0.829483,0.177887,3634.5,0.00783152,0.000000705364,0.00484905,0.732574,242.39,0.00300052,1.001,0.99981
2025-09-14,0.904336,0.612408,0.522599,0.00347764,4.69,0.082281,29.75,36.42,933.75,115863,0.286792,4.38,4638.26,5620.52,15.18,0.241228,0.3346885797,1.36,0.265091,1.25,24.45,115.82,0.15444,0.139657,2.72,0.01117593,0.792888,0.171987,3649.71,0.00760012,0.000000681523,0.0045935,0.696721,246.38,0.00300098,1.001,0.9998
2025-09-15,0.86211,0.578932,0.494316,0.00299318,4.51,0.079397,28.84,35.34,919.93,114827,0.262751,4.18,4522.27,5486.95,14.81,0.232949,0.324212946,1.3,0.257337,1.18,23.27,113.25,0.147931,0.139657,2.63,0.0104244,0.747232,0.16249,3658.55,0.00722512,0.000000644009,0.00433429,0.67274,235.2,0.00298219,1,0.999611
2025-09-16,0.870975,0.581649,0.49276,0.00311828,4.47,0.079626,30.47,37.24,928.59,115436,0.266041,4.21,4500.86,5455.74,15.01,0.237047,0.3198675003,1.31,0.238853,1.18,23.57,114.33,0.148423,0.139657,2.68,0.01035055,0.757177,0.159446,3701.62,0.00731646,0.000000646005,0.0042237,0.678368,235.13,0.00292649,1,0.999728
2025-09-17,0.871911,0.579764,0.491444,0.00421109,4.49,0.078545,29.85,36.51,951.85,116227,0.266902,4.19,4503.58,5462.59,15.26,0.235365,0.3209920387,1.3,0.23514,1.2,22.98,114.39,0.148425,0.139657,2.7,0.01040135,0.768319,0.160121,3691.15,0.00716554,0.000000649055,0.00414096,0.670242,234.73,0.00298347,1,0.999799
2025-09-18,0.923079,0.605314,0.519564,0.00437973,4.61,0.081584,32.95,40.29,993.78,117399,0.282417,4.55,4593.43,5574.58,16.28,0.246707,0.3301250434,1.37,0.244693,1.32,24.45,116.5,0.156705,0.139657,2.96,0.01102677,0.820046,0.165118,3645.02,0.00783172,0.000000662985,0.00440098,0.702632,248.61,0.00300969,1,0.999674
2025-09-19,0.905679,0.598344,0.504729,0.0045786,4.59,0.085479,33.98,41.51,991.13,116405,0.27182,4.51,4541.24,5504.17,15.31,0.24112,0.3331875665,1.35,0.228513,1.28,23.88,116.29,0.158652,0.139657,3.15,0.01058401,0.81283,0.161454,3661.35,0.00789927,0.000000669576,0.00420787,0.695444,242.43,0.00293991,1,0.999636
2025-09-20,0.901713,0.599534,0.497835,0.00449219,4.49,0.082413,33.8,41.33,1018.87,116074,0.268269,4.42,4498.38,5459.17,15.97,0.245136,0.3219228543,1.33,0.219508,1.29,23.49,114.75,0.156649,0.139657,3.22,0.01053298,0.818853,0.161434,3688.15,0.00975943,0.000000660517,0.00417677,0.688726,240.6,0.00291072,1,0.99971
2025-09-21,0.886572,0.59879,0.489117,0.00439247,4.45,0.081064,32.97,40.29,1046.51,115755,0.266733,4.32,4470.27,5421.86,16.1,0.237417,0.3278390825,1.32,0.209325,1.27,23.18,114.8,0.155287,0.139657,3.12,0.0103879,0.79883,0.158376,3689.05,0.01081184,0.000000656956,0.00410642,0.682287,239.72,0.00284473,1,0.999706
2025-09-22,0.82136,0.533918,0.437282,0.00401105,4.16,0.076734,31.28,38.33,1020.23,112699,0.239117,3.98,4177.72,5065.99,14.37,0.217498,0.3199651317,1.22,0.205802,1.12,21.25,105.52,0.139088,0.139657,2.87,0.009244,0.704775,0.145983,3736.02,0.00864588,0.000000584421,0.00384217,0.61337,221.05,0.00272946,1.001,0.999609
2025-09-23,0.820038,0.54107,0.435524,0.00410796,4.18,0.076698,35.27,42.85,1014.92,112737,0.238803,4.02,4185.25,5071.59,15.67,0.222164,0.2974641371,1.25,0.204537,1.12,21.87,106.36,0.140198,0.139657,3.04,0.0093893,0.701596,0.144134,3780.35,0.00985919,0.000000596786,0.00379799,0.70564,218.21,0.00272178,1.001,0.999705
2025-09-24,0.821578,0.545408,0.442695,0.00392287,4.22,0.076921,34.37,42.04,1019.74,113072,0.242796,4.07,4194.28,5094.77,17.15,0.224655,0.2972250995,1.24,0.20515,1.13,21.84,107.3,0.142331,0.139657,3.04,0.00952941,0.707238,0.143257,3771.76,0.00902203,0.000000603155,0.00377268,0.727941,212.17,0.00268366,1,0.999705
2025-09-25,0.790582,0.525063,0.423394,0.00378432,4.11,0.076483,30.53,37.39,993.44,111645,0.231839,3.95,4003.18,4860.17,16.9,0.214558,0.3001795008,1.16,0.175956,1.094,21.01,104.75,0.137741,0.139657,2.9,0.00915712,0.67345,0.138747,3751.86,0.00832959,0.000000589189,0.00365468,0.83064,200.92,0.00269206,1,0.999708
2025-09-26,0.773559,0.511431,0.411104,0.00346971,4.03,0.07397,27.69,33.85,948.2,109513,0.22682,3.86,3941.42,4787.25,16.2,0.209589,0.2810036916,1.12,0.165551,1.07,20.43,102.85,0.133743,0.139657,2.7,0.00902883,0.650191,0.13716,3762.42,0.00784808,0.000000577202,0.00358064,0.945814,197.11,0.00269364,1.001,0.999659
2025-09-27,0.785987,0.522414,0.422768,0.00360027,4.09,0.074697,28.37,34.71,973.56,109383,0.230486,3.89,4021.2,4885.85,17.49,0.213517,0.290155744,1.12,0.176102,1.093,20.97,104.45,0.139544,0.139657,2.72,0.00919801,0.671889,0.137609,3784.66,0.00812652,0.000000600875,0.00367957,1.17,202.51,0.00271672,1.001,0.999628
2025-09-28,0.788497,0.519602,0.421653,0.00340564,4.1,0.074736,28.93,35.42,978.78,110174,0.231067,3.89,4040.39,4907.56,16.18,0.213194,0.2880575709,1.15,0.184374,1.092,21.13,105.05,0.139201,0.139657,2.72,0.00913553,0.670056,0.135676,3773.22,0.00773665,0.000000603814,0.00376626,1.087,205.52,0.00268247,1,0.999618
2025-09-29,0.810379,0.51839,0.423454,0.00345603,4.12,0.074649,30.23,37.02,1016.65,113973,0.236209,3.98,4184.88,5086.13,16.42,0.219063,0.2906833707,1.18,0.188511,1.13,21.61,106.48,0.140065,0.139657,2.81,0.00925336,0.680931,0.138481,3836.76,0.00793445,0.000000604806,0.00388162,1.11,212.39,0.00273539,1.001,0.999708
2025-09-30,0.790199,0.528953,0.410447,0.00354245,4.06,0.074561,29.41,36.02,1013.21,113056,0.230141,3.9,4162.11,5059.69,15.79,0.213725,0.2942239538,1.14,0.178598,1.14,21.4,105.39,0.13726,0.139657,2.65,0.00907824,0.665097,0.13522,3827.56,0.0076094,0.000000596543,0.00374394,1.12,207.05,0.0027196,1,0.999703
2025-10-01,0.833745,0.548129,0.433412,0.00370198,4.2,0.074949,30.67,37.58,1020.68,116780,0.242588,4.07,4300.11,5222.21,15.6,0.220356,0.2905713482,1.21,0.175599,1.15,22.24,110.22,0.141052,0.139657,2.8,0.00952817,0.688122,0.141765,3896.12,0.00789606,0.000000616268,0.00390097,1.098,217.56,0.00269133,1,0.999707
2025-10-02,0.853231,0.555137,0.442418,0.00349019,4.27,0.077763,30.66,37.59,1060.19,119321,0.256304,4.27,4393.88,5336.66,15.84,0.227016,0.3011766781,1.23,0.202308,1.21,22.47,120.01,0.144523,0.139657,2.89,0.01011453,0.717572,0.158877,3887.6,0.00823952,0.000000637677,0.00410965,1.26,226.65,0.00273279,1,0.99972
2025-10-03,0.856297,0.556009,0.442196,0.00348785,4.24,0.076907,30.26,37.1,1107.48,120343,0.25588,4.23,4487.51,5455.64,15.26,0.222733,0.3068994025,1.25,0.192167,1.24,22.34,118.01,0.14271,0.139657,2.93,0.01000898,0.730475,0.170381,3874.32,0.00809053,0.000000638069,0.00421914,1.2,230.42,0.00275023,1.001,0.999704
2025-10-04,0.846135,0.567724,0.436469,0.00359385,4.14,0.076735,30.33,37.16,1146.04,122395,0.251452,4.22,4502.02,5464.98,15.52,0.219853,0.2462686674,1.19,0.185517,1.21,22.09,118.56,0.142772,0.139657,2.95,0.01003464,0.728319,0.1737,3894.8,0.00811619,0.000000637091,0.00412733,1.17,228.83,0.00274701,1,0.999706
2025-10-05,0.858816,0.570493,0.444764,0.00350006,4.25,0.077009,30.15,36.94,1165.51,123261,0.257441,4.25,4547.28,5525.26,15.15,0.221303,0.2958341193,1.2,0.185736,1.19,22.55,120.32,0.142888,0.139657,3.04,0.01033689,0.738159,0.1745,3898.85,0.00817143,0.000000638744,0.00419125,1.16,231.77,0.00271842,1,0.999775
2025-10-06,0.855245,0.567247,0.445327,0.00352726,4.18,0.075897,30.63,37.53,1237.33,124480,0.260818,4.25,4588.94,5573.25,14.56,0.224238,0.2928531827,1.21,0.197082,1.22,22.3,120.18,0.141062,0.139657,3,0.01026342,0.745856,0.167919,3940.71,0.00821387,0.000000617479,0.00414838,1.15,234.21,0.00273801,1,0.9998
2025-10-07,0.858466,0.570731,0.451073,0.00376354,4.22,0.076113,29.98,36.75,1319.72,124544,0.26174,4.33,4713.12,5723.44,15.03,0.225575,0.310123875,1.2,0.173959,1.24,22.82,118.26,0.141335,0.139657,3.03,0.01019815,0.742519,0.15853,3983.42,0.00823487,0.000000638037,0.00420672,1.2,230.36,0.00276571,1.001,0.999706
2025-10-08,0.822133,0.555702,0.423507,0.00348145,4.08,0.073857,28.46,34.94,1304.44,122701,0.252644,4.15,4480.1,5445.46,14.44,0.218019,0.2956556169,1.14,0.176,1.19,22.11,116.76,0.135015,0.139657,2.95,0.00950543,0.713213,0.153683,4054.37,0.00785054,0.000000612256,0.0039731,1.11,222.18,0.00272311,1,0.999724
2025-10-09,0.815532,0.559909,0.420227,0.00365294,4.05,0.076918,28.5,34.93,1285.76,123063,0.248665,4.06,4386.83,5334.91,13.9,0.213909,0.2849528195,1.13,0.178892,1.16,21.82,117.64,0.134215,0.139657,2.89,0.00914485,0.702978,0.152116,4054.43,0.00766612,0.000000609365,0.00390718,1.1,224.39,0.00271408,1,0.999803
2025-10-10,0.820778,0.582349,0.430045,0.00369499,4.15,0.077452,28.35,34.77,1257.11,121999,0.252394,4.26,4370.53,5318.38,14.18,0.216366,0.2897713233,1.14,0.1722,1.2,22.72,134.88,0.135983,0.139657,3.18,0.00942032,0.729841,0.15898,4001.14,0.00775857,0.000000621045,0.00396176,1.42,223.76,0.00271322,1,0.999746
2025-10-11,0.664849,0.377585,0.317941,0.00332084,3.19,0.061037,22.67,27.81,1128.4,112303,0.193764,3.22,3834.69,4666.32,10.61,0.174936,0.2282329991,0.935864,0.145964,0.864513,18.02,98.04,0.092407,0.139657,2.48,0.00635948,0.49152,0.116413,4000.02,0.00568153,0.000000395551,0.00327882,1.061,183.62,0.00265295,1.001,0.999756
2025-10-12,0.644006,0.384644,0.306728,0.00339119,3.26,0.060772,21.1,25.87,1230.41,111896,0.188779,3.02,3821.12,4644.78,10.6,0.170457,0.2379339611,0.911248,0.140995,0.823036,17.41,95.6,0.09256,0.139657,2.29,0.00630801,0.457292,0.117424,4011.83,0.00561203,0.000000389247,0.00312244,0.981794,180.96,0.00262333,1.001,0.999805
2025-10-13,0.710145,0.430187,0.342631,0.0034553,3.52,0.064449,22.41,27.47,1286.72,114561,0.206378,3.26,4105.17,4984.48,11.51,0.187257,0.2477642575,1.046,0.139638,0.917608,19.31,96.89,0.10096,0.139657,2.49,0.00736247,0.48345,0.129829,4088.77,0.0061212,0.000000418948,0.00351846,2.2,192.22,0.00268189,1.001,0.9999
2025-10-14,0.676092,0.405665,0.330073,0.00341271,3.37,0.061497,22.22,27.24,1180.94,111080,0.19833,3.14,3957.56,4814.68,10.92,0.179474,0.2609692466,0.971032,0.134884,0.920063,18.44,93.05,0.098977,0.139657,2.39,0.00718334,0.459499,0.128518,4135.1,0.00597978,0.000000408616,0.00322404,1.93,195.15,0.00268104,1.001,0.999902
2025-10-15,0.688267,0.414273,0.334114,0.0033897,3.37,0.062748,22.33,27.37,1179.04,111593,0.201174,3.19,4086.34,4966.8,11.22,0.184759,0.2574842558,0.962212,0.145164,0.969202,18.59,97.13,0.100863,0.139657,2.39,0.00718915,0.471453,0.129863,4212.84,0.00600413,0.000000418155,0.00331881,1.91,202.83,0.00278661,1.001,0.999813
2025-10-16,0.680983,0.414991,0.333852,0.00158827,3.4,0.062201,22.22,27.25,1179.91,111680,0.200625,3.19,4057.89,4930.98,10.95,0.183894,0.2323616042,0.938169,0.133557,0.929886,18.5,96.53,0.102191,0.139657,2.37,0.00725842,0.462892,0.129358,4258.88,0.00604118,0.000000423849,0.00327122,1.65,196.97,0.00278821,1.001,0.999899
2025-10-17,0.620178,0.389328,0.303077,0.00327235,3.17,0.058412,19.87,24.35,1074.17,105968,0.183368,2.91,3789.06,4599.65,9.88,0.16351,0.2308514074,0.865378,0.13022,0.876022,16.58,87.97,0.094873,0.139657,2.17,0.0066943,0.418375,0.118911,4322.3,0.00549097,0.000000364003,0.00287797,1.48,181.89,0.00273287,1,0.999899
2025-10-18,0.632009,0.386583,0.307684,0.00314595,3.19,0.057909,20.03,24.59,1095.02,106995,0.187349,2.93,3872.46,4705.84,10.27,0.165013,0.2236456204,0.891507,0.13762,0.872452,16.79,90.71,0.098261,0.139657,2.14,0.00663818,0.424249,0.120938,4246.58,0.00549141,0.000000364466,0.00300009,1.38,185.4,0.00266025,1.001,0.999801
2025-10-19,0.656082,0.401594,0.319917,0.00335768,3.27,0.059942,20.77,25.51,1119.11,108406,0.197605,3.04,3990.62,4859.46,10.54,0.170846,0.2170368993,0.938285,0.135114,0.92065,17.48,94.4,0.100522,0.139657,2.28,0.00688875,0.441402,0.124536,4240.87,0.00566729,0.000000374975,0.00304375,1.43,191.26,0.00268127,1,0.999806
2025-10-20,0.66548,0.41259,0.324586,0.00330414,3.29,0.059779,20.6,25.31,1110,110660,0.200284,3.09,4029.59,4904.33,10.62,0.178011,0.2284357143,0.940269,0.141006,0.929475,18.99,94.79,0.100384,0.139657,2.3,0.00678435,0.450031,0.125226,4322.71,0.00568526,0.000000376994,0.00308089,1.69,191.94,0.00268587,1,0.999714
2025-10-21,0.645018,0.392086,0.311919,0.00329994,3.21,0.059128,19.97,24.52,1076.68,108555,0.194474,3,3889.37,4730.28,10.33,0.172082,0.2254629456,0.89643,0.133023,0.892061,18.05,92.91,0.098449,0.139657,2.2,0.006529,0.435325,0.121057,4258.58,0.0054663,0.000000365198,0.00276773,1.48,186.25,0.00263403,1.001,0.999906
2025-10-22,0.636618,0.391372,0.307953,0.00331857,3.17,0.058949,19.6,24.04,1068.43,107906,0.191367,2.98,3845.87,4662.2,10.16,0.169252,0.2288689478,0.893288,0.119922,0.89348,17.45,92.45,0.098619,0.139657,2.2,0.00647012,0.43209,0.117331,4049.64,0.00535109,0.000000353638,0.00269099,1.4,185.46,0.00248812,1.001,0.999798
2025-10-23,0.6469,0.4355,0.3141,0.0031,3.1800,0.0576,19.6450,24.1550,1101.3200,109773.5000,0.1951,3.0350,3920.8600,4761.9900,10.4150,0.1704,0.2206104575,0.8973,0.1182,0.9138,17.6850,94.5800,0.0997,0.1397,2.2400,0.0065,0.4399,0.1177,4063.6800,0.0054,0.0000,0.0027,1.3350,189.9600,0.0025,1.0005,0.9998
2025-10-24,0.657246,0.479656,0.320315,0.00279112,3.19,0.056257,19.69,24.27,1134.21,111641,0.198901,3.09,3995.85,4861.78,10.67,0.171633,0.2198455591,0.901364,0.116382,0.934136,17.92,96.71,0.10076,0.139657,2.28,0.00662983,0.447739,0.118142,4077.72,0.00542938,0.000000363479,0.00264867,1.27,194.46,0.00250964,1,0.9999
2025-10-25,0.655311,0.448408,0.320386,0.00261635,3.16,0.054041,19.48,23.92,1114.52,111713,0.198065,3.06,3950.44,4807.99,10.37,0.170586,0.2308332884,0.912213,0.117435,0.916268,18.02,96.26,0.100366,0.139657,2.26,0.00664268,0.445074,0.115456,4110.68,0.00540315,0.000000363202,0.00259405,1.25,193.55,0.00263666,1,0.999902
2025-10-26,0.673875,0.446388,0.328497,0.00260299,3.22,0.055608,20.38,25.04,1136.38,113391,0.201897,3.14,4053.03,4922.98,10.44,0.178346,0.2360649805,0.908304,0.11716,0.962228,18.32,98.71,0.101916,0.139657,2.36,0.00684634,0.459411,0.118807,4102.34,0.00557148,0.000000370727,0.00271667,1.25,197.83,0.00264728,1,0.999879
2025-10-27,0.669489,0.434987,0.3312,0.00261616,3.2,0.054469,20.36,25,1141.87,114920,0.202166,3.14,4148.44,5048.94,10.46,0.177254,0.2442097077,0.869448,0.114198,0.939394,18.29,98.8,0.09927,0.139657,2.34,0.00649911,0.45556,0.123221,3994.86,0.00544848,0.000000364131,0.00272073,1.15,199.48,0.00261125,1,0.999899
2025-10-28,0.662293,0.43994,0.327732,0.00263099,3.17,0.053354,20.23,24.91,1134.94,114227,0.199808,3.14,4109.98,5004.95,10.4,0.208311,0.2481188435,0.885774,0.109605,0.936737,18.38,101.92,0.0998,0.139657,2.33,0.00645313,0.453132,0.121534,3934.6,0.00543724,0.000000366251,0.0027046,1.18,198.89,0.00258912,1,0.999901
2025-10-29,0.64301,0.424832,0.32474,0.00230061,3.11,0.050596,19.59,24.12,1106.16,112127,0.19289,3.09,3978.65,4843.49,10.19,0.199871,0.2628229165,0.871925,0.105451,0.930587,18.17,98.62,0.097413,0.139657,2.29,0.00611474,0.444907,0.120266,4010.88,0.0052612,0.000000359769,0.0026508,1.14,199.21,0.00257301,1,0.999895
2025-10-30,0.618588,0.404527,0.301621,0.00241629,3,0.089065,18.76,23.12,1100.07,108332,0.184124,2.92,3821.03,4656.12,9.76,0.199138,0.2730284418,0.8087,0.109078,0.864252,17.38,95.19,0.09308,0.139657,2.16,0.00573637,0.415353,0.114773,3974.72,0.00502654,0.000000344071,0.00237817,1.036,187.6,0.00267483,1,0.999806
2025-10-31,0.61455,0.400693,0.297046,0.00231172,3.01,0.089676,18.34,22.56,1082.54,109984,0.185989,2.89,3850.49,4694.88,9.78,0.198241,0.2666583909,0.784581,0.106388,0.861379,17.28,95.42,0.093983,0.139657,2.13,0.00582628,0.400177,0.113003,4013.76,0.00496559,0.000000344238,0.00234905,0.991222,187.94,0.0026633,0.999746,0.999796
2025-11-01,0.612658,0.405569,0.304222,0.00234151,3,0.086902,18.65,22.95,1088.96,110015,0.186945,2.94,3875.83,4720.82,9.85,0.19856,0.26485,0.721573,0.108424,0.882357,17.35,98.61,0.093722,0.139657,2.17,0.00586619,0.410053,0.114033,4004.3,0.00501433,0.000000344052,0.0023632,1.004,186.32,0.00269102,0.999589,0.999802
2025-11-02,0.60726,0.406536,0.30761,0.00226379,3.03,0.081734,18.6,22.92,1082.29,110308,0.185319,2.97,3857.83,4705.16,9.83,0.195783,0.2659,0.712857,0.109963,0.878165,17.38,99.38,0.094148,0.139657,2.16,0.00588866,0.423435,0.11403,4004.43,0.00496259,0.000000346762,0.00235276,1.059,184.59,0.00257764,0.999911,0.9998
2025-11-03,0.575899,0.386353,0.282714,0.00214696,2.78,0.09641,17.52,21.56,1017.04,107858,0.174773,2.77,3715.49,4524.36,9.17,0.182221,0.245559,0.633903,0.116467,0.805107,16.09,92.06,0.087073,0.139657,2.02,0.00533725,0.38338,0.107193,4013.6,0.00453493,0.000000288794,0.00211805,0.935738,175.95,0.00261396,1,0.99981
2025-11-04,0.537648,0.361486,0.260209,0.00093767,2.57,0.083741,16.22,19.99,940.46,102710,0.162119,2.58,3465.15,4230.59,8.67,0.171843,0.235348,0.530023,0.099942,0.737114,14.98,87.07,0.081134,0.139657,1.89,0.00495605,0.354076,0.097481,3960.59,0.00432816,0.000000279959,0.00182733,0.869047,160.36,0.00243929,0.999682,0.999803
2025-11-05,0.537752,0.362974,0.262496,0.00210885,2.61,0.082924,16.7,20.53,952.74,102636,0.164078,2.6,3340.95,4061.14,8.91,0.171245,0.231495,0.532561,0.095602,0.742818,14.91,86.71,0.080502,0.139657,1.88,0.00489448,0.356985,0.094319,3960.8,0.00427272,0.000000267696,0.00182787,0.85313,158.07,0.00247837,1,0.999811
2025-11-06,0.532102,0.361367,0.261547,0.00217767,2.59,0.075649,16.22,19.97,947.24,103008,0.16215,2.59,3374.92,4096.95,8.87,0.168438,0.227651,0.555494,0.093889,0.747685,14.89,87.2,0.080757,0.139657,1.92,0.00488974,0.360578,0.095553,4007.08,0.00425063,0.000000268749,0.00199818,0.824493,158.48,0.00242753,0.999764,0.999802
2025-11-07,0.577936,0.410705,0.301661,0.0022702,3.09,0.074389,17.81,21.93,979.99,103156,0.180269,3.26,3437.36,4183.72,9.75,0.177474,0.241009,0.580181,0.116047,0.830506,16.05,101.1,0.092428,0.139657,2.8,0.00604037,0.42777,0.107768,3999.2,0.0047331,0.000000302031,0.00217105,0.884693,163.78,0.00234621,0.999507,0.999758
2025-11-08,0.558515,0.392967,0.290584,0.00391437,2.92,0.069086,17.11,21.05,987.05,101735,0.17439,3.15,3368.02,4104.6,9.48,0.173418,0.236986,0.550752,0.117646,0.7946,15.24,99.13,0.088662,0.139657,2.76,0.00572211,0.415261,0.107406,3988.2,0.00466739,0.000000288746,0.00198565,0.833168,156.68,0.00224863,0.999824,0.999802
2025-11-09,0.575293,0.40308,0.299362,0.00224988,2.97,0.070379,17.75,21.83,996.63,103530,0.178363,3.2,3519.61,4288.74,9.79,0.174103,0.235054,0.578197,0.115123,0.833002,15.85,105.47,0.09023,0.139657,2.97,0.00579463,0.427761,0.107003,3992.79,0.00468114,0.000000295213,0.0020531,0.856035,162.15,0.00227362,0.999987,0.999791
2025-11-10,0.596098,0.396103,0.300138,0.00224675,3.07,0.077964,18.21,22.44,999.51,106088,0.182354,3.26,3597.04,4385.2,10.12,0.195623,0.265764,0.597375,0.121983,0.852483,16.52,106.95,0.091296,0.139657,2.86,0.00583856,0.43718,0.108247,4098.58,0.00470834,0.000000299381,0.00217036,0.878769,168.93,0.00225926,0.999837,0.999723
2025-11-11,0.57237,0.39106,0.284446,0.00209095,3.05,0.070245,17.61,21.72,975.03,103379,0.176418,3.19,3475.27,4233.24,9.87,0.184244,0.249837,0.592754,0.107385,0.828873,15.76,101.36,0.088781,0.139657,2.71,0.00572484,0.422871,0.106063,4098.43,0.00457907,0.000000291543,0.00205245,0.810669,160.67,0.00227427,0.999897,0.999791
2025-11-12,0.579832,0.39485,0.278891,0.00212892,3.11,0.070035,17.72,21.83,976.45,105023,0.177834,3.11,3577.12,4361.62,10.03,0.185481,0.253849,0.639404,0.111724,0.859913,16.19,103.91,0.089924,0.139657,2.62,0.00579846,0.432057,0.106706,4118.48,0.00470489,0.000000301679,0.00204067,0.842647,160.61,0.00224619,0.999893,0.999801
2025-11-13,0.565387,0.37901,0.267356,0.00209239,2.95,0.067265,17.38,21.41,965.62,103127,0.175397,3,3500.74,4262.6,9.83,0.177919,0.24286,0.613839,0.112464,0.832756,15.72,100.84,0.085947,0.139657,2.57,0.00545738,0.417717,0.102119,4231.3,0.0045078,0.000000289422,0.00197727,0.792276,156.35,0.00224848,0.999917,0.999767
2025-11-14,0.503391,0.350166,0.236947,0.00189452,2.8,0.079573,15.21,18.75,898.07,94711,0.158802,2.81,3083.92,3766.67,8.7,0.154712,0.211775,0.533776,0.092214,0.744538,13.96,94.76,0.079301,0.139657,2.41,0.00507029,0.375978,0.096169,4040.47,0.00409458,0.000000268147,0.00166788,0.716918,136.67,0.00218637,0.999204,0.999746
2025-11-15,0.509427,0.358365,0.245305,0.0023334,2.9,0.071911,15.74,19.4,941.47,96054,0.164156,2.88,3218.82,3926.87,8.78,0.15669,0.212818,0.516142,0.099882,0.769462,14.3,103.5,0.081487,0.139657,2.47,0.00523521,0.396888,0.097388,4092.43,0.00416962,0.000000269071,0.00166105,0.742743,142.86,0.0020792,0.999425,0.99981
2025-11-16,0.493993,0.347942,0.238359,0.0022973,2.8,0.06902,15.42,18.97,930.41,95359,0.160887,2.81,3159.04,3854.89,8.58,0.151301,0.206372,0.507728,0.088279,0.747143,14.02,100.73,0.079446,0.139657,2.46,0.00500433,0.385861,0.095673,4096.8,0.00407763,0.000000261999,0.00165368,0.721133,139.81,0.00210416,0.99955,0.999655
2025-11-17,0.471119,0.338416,0.230977,0.00230233,2.79,0.070162,14.79,18.23,912.42,92947,0.156184,2.73,3066.25,3736.59,8.45,0.147613,0.201422,0.495264,0.094472,0.709667,13.43,93.75,0.076391,0.139657,2.25,0.00484929,0.37169,0.092294,4057.93,0.00390308,0.00000025453,0.00154366,0.680469,132.45,0.00206299,0.999288,0.999705
2025-11-18,0.465588,0.331024,0.234641,0.00226951,2.72,0.066004,14.56,17.89,918.55,91551,0.157432,2.72,3066.92,3714.06,8.67,0.145634,0.19874,0.457814,0.084604,0.71232,13.47,95.23,0.077267,0.139657,2.24,0.00475294,0.376925,0.090951,4057.31,0.00387865,0.000000254694,0.00164379,0.689549,138.55,0.00207472,0.999057,0.999716
2025-11-19,0.464348,0.329402,0.232181,0.00227753,2.74,0.06624,14.28,17.62,915.86,91500,0.157168,2.69,3048.06,3719.06,8.73,0.146185,0.200907,0.461027,0.086826,0.715654,13.28,93.38,0.07568,0.139657,2.26,0.0046724,0.375372,0.090219,4106.65,0.00390858,0.000000253066,0.00164741,0.673921,137.01,0.00207402,0.999577,0.999737
2025-11-20,0.466215,0.336482,0.238105,0.00234965,3.01,0.067247,14.4,17.75,899.5,91818,0.158058,2.79,3011.18,3677.22,8.77,0.14586,0.197872,0.462743,0.083867,0.740577,13.68,92.4,0.076157,0.139657,2.33,0.00496858,0.391334,0.092455,4074.98,0.00415056,0.00000026142,0.00164528,0.669192,141.67,0.00206469,0.99923,0.999704
2025-11-21,0.40494,0.285429,0.201296,0.00212174,2.57,0.059546,13.12,16.13,820.39,83520,0.138885,2.38,2732.01,3331.7,7.85,0.12816,0.173853,0.387751,0.074396,0.618399,12.06,82.8,0.068582,0.139657,1.93,0.00411103,0.322503,0.083666,4052.55,0.0037333,0.000000235586,0.00135373,0.606082,126.31,0.00186663,0.998876,0.999616
2025-11-22,0.395307,0.279054,0.196656,0.00214961,2.46,0.053596,13.13,16.18,817.79,83685,0.136387,2.28,2714.23,3309.53,7.92,0.126957,0.174029,0.371463,0.071131,0.608628,11.81,81.71,0.069568,0.139657,1.81,0.00397061,0.296236,0.081504,4057.5,0.00368713,0.000000237658,0.00138708,0.563744,125.42,0.0018854,0.999608,0.999733
2025-11-23,0.412932,0.286239,0.202067,0.00230418,2.54,0.056735,13.32,16.4,847.2,86526,0.14497,2.34,2833.64,3452.31,8.33,0.140551,0.189687,0.381457,0.071028,0.628255,12.61,83.41,0.073974,0.139657,1.86,0.00415532,0.306319,0.083326,4053.87,0.00381393,0.000000155847,0.00148257,0.60837,130.89,0.001925,0.999558,0.999702
2025-11-24,0.406158,0.28009,0.20184,0.00271016,2.42,0.057412,13.32,16.41,838.4,86029,0.144999,2.26,2805.13,3419.43,8.46,0.143712,0.196885,0.379475,0.067583,0.632608,12.48,82.61,0.071392,0.139657,1.85,0.00409361,0.303751,0.080315,4074.36,0.00375847,0.000000188402,0.00148779,0.56284,129.57,0.00185134,0.999662,0.9997
2025-11-25,0.416214,0.277484,0.214795,0.00271004,2.48,0.062266,13.91,17.15,854.37,87566,0.149498,2.27,2925.71,3571.89,8.76,0.143498,0.19393,0.381674,0.068632,0.655331,12.88,84.1,0.07307,0.139657,1.87,0.00432924,0.319697,0.083064,4133.85,0.00390926,0.000000244805,0.00152888,0.555941,136.51,0.00189262,0.999805,0.999669
2025-11-26,0.41413,0.272346,0.211075,0.00280484,2.45,0.058654,13.94,17.17,856.09,86651,0.149371,2.26,2904.08,3537.39,8.7,0.141986,0.194549,0.392432,0.067208,0.651767,12.8,83.81,0.072389,0.139657,1.85,0.00419406,0.314774,0.081295,4155.25,0.00395222,0.000000220015,0.00150857,0.556516,135.75,0.00189322,0.999779,0.999703
2025-11-27,0.428007,0.274763,0.21802,0.0020853,2.52,0.060721,14.95,18.43,887.9,90932,0.152603,2.32,2998.6,3657.12,9.1,0.144985,0.198123,0.415993,0.063705,0.665048,13.27,86.53,0.074403,0.139657,1.91,0.00431676,0.332013,0.082888,4150.81,0.00403434,0.000000228099,0.00151725,0.580192,141.34,0.0018921,0.999918,0.99977
2025-11-28,0.424364,0.277353,0.219331,0.00192313,2.49,0.060247,15.02,18.51,889.48,91525,0.150924,2.32,3035.23,3702.65,9.11,0.147143,0.200633,0.413998,0.062856,0.666775,13.31,85.02,0.074288,0.139657,1.9,0.00432497,0.331124,0.078335,4180.23,0.00407913,0.000000227638,0.00155666,0.565362,140.84,0.00188296,0.99998,0.999808
2025-11-29,0.417783,0.27064,0.215274,0.00181934,2.42,0.058557,14.86,18.31,877.04,90725,0.149186,2.27,2997.36,3655.57,8.95,0.144681,0.196499,0.405777,0.065244,0.654681,13.11,84.08,0.073802,0.139657,1.88,0.00424138,0.330046,0.077301,4249.8,0.00398506,0.000000226919,0.00152854,0.551115,136.85,0.00197949,1,0.999885
2025-11-30,0.4221,0.263418,0.217896,0.0019012,2.43,0.056981,14.19,17.49,884.7,91459,0.149599,2.27,3026.44,3690.74,8.77,0.144229,0.195249,0.403667,0.066744,0.654081,13.11,84.39,0.072969,0.139657,1.85,0.00418968,0.323477,0.077137,4244.55,0.00391739,0.000000224546,0.00158574,0.543959,137.62,0.00198314,1,0.999801
2025-12-01,0.378955,0.236076,0.193423,0.00159586,2.24,0.052391,12.82,15.81,823.07,86040,0.135992,2.03,2826.59,3447.94,8.22,0.132606,0.179319,0.352173,0.070505,0.575922,12.12,76.85,0.067181,0.139657,1.62,0.0037247,0.291142,0.071086,4268.31,0.00360885,0.000000207254,0.00133231,0.509636,127.46,0.00200484,0.999748,0.999705
2025-12-02,0.397896,0.237383,0.196879,0.00165516,2.3,0.05253,13.05,16.05,849.41,88073,0.138295,2.11,2861.05,3486.47,8.25,0.135816,0.183973,0.394502,0.073529,0.573935,12.38,79.3,0.068488,0.139657,1.75,0.00381756,0.295028,0.07168,4222.4,0.00359537,0.000000211729,0.00136249,0.516563,130.84,0.00195055,1,0.999873
2025-12-03,0.438608,0.242061,0.217726,0.00161111,2.34,0.057655,14.3,17.64,900.27,92365,0.150371,2.3,3099.34,3782.52,8.86,0.144947,0.197361,0.442481,0.081477,0.63873,14.4,85.33,0.07186,0.139657,1.8,0.00405291,0.322115,0.074117,4215.04,0.00373541,0.000000224489,0.00147867,0.559646,140.91,0.00195615,1,0.9999
2025-12-04,0.446005,0.245085,0.219272,0.00166129,2.36,0.057374,14.73,18.18,906.12,92841,0.149405,2.33,3180.85,3883.52,8.87,0.140519,0.191359,0.441683,0.082569,0.638948,14.41,84.1,0.071975,0.139657,1.84,0.00404987,0.324244,0.073681,4200.52,0.0037903,0.000000226093,0.00149327,0.557449,142.64,0.0019343,1,0.999818
2025-12-05,0.413795,0.222418,0.202303,0.00191524,2.18,0.055161,13.43,16.64,879.68,88827,0.138771,2.13,3031.14,3706.34,8.5,0.134229,0.18212,0.419303,0.083099,0.576661,13.55,80.52,0.09248,0.139657,1.67,0.00375953,0.300557,0.070155,4223.33,0.00355443,0.000000276357,0.00141928,0.494451,132.23,0.00163591,1,0.999807
2025-12-06,0.413949,0.238945,0.20269,0.0022542,2.21,0.05368,13.19,16.26,884.51,89617,0.139529,2.1,3031.24,3702.62,8.62,0.132614,0.181572,0.406483,0.09438,0.565225,13.7,81.26,0.116218,0.139657,1.71,0.00382678,0.306542,0.070372,4213.11,0.00363438,0.000000343969,0.00141313,0.490657,132.74,0.00164841,1,0.999704
2025-12-07,0.417296,0.232469,0.207204,0.00210506,2.19,0.054997,13.39,16.5,890.88,89351,0.13913,2.1,3044.8,3715.35,8.79,0.133427,0.182708,0.423219,0.078184,0.583359,13.88,82.13,0.11461,0.139657,1.69,0.00384749,0.310075,0.070949,4212.84,0.00360641,0.000000366121,0.00141697,0.493618,132.45,0.00148892,1,0.999801
2025-12-08,0.433992,0.24076,0.21283,0.00191572,2.24,0.055038,13.78,16.99,910.86,92031,0.143785,2.14,3153.3,3843.2,8.97,0.135704,0.184586,0.435422,0.08086,0.602088,13.99,83.72,0.102069,0.139657,1.78,0.00390267,0.322293,0.072973,4220.86,0.00375622,0.000000334928,0.00149499,0.500523,138.24,0.00135076,1,0.999703
2025-12-09,0.452425,0.23604,0.214385,0.00213066,2.25,0.054049,13.63,16.82,884.48,90399,0.142053,2.12,3115.58,3804.35,8.64,0.135312,0.181424,0.440915,0.07546,0.606372,13.71,84.15,0.147695,0.139657,1.76,0.00395725,0.319087,0.071832,4199.98,0.00377341,0.000000453025,0.00145772,0.494031,132.37,0.00140345,1,0.999889
2025-12-10,0.46282,0.238256,0.217875,0.00329833,2.26,0.055302,14.23,17.58,889.89,91905,0.145327,2.2,3320.31,4056.98,8.96,0.136598,0.186224,0.3393,0.074156,0.627169,14.07,84.26,0.206459,0.139657,1.75,0.00395619,0.329795,0.07255,4205.81,0.00376907,0.000000629977,0.00132089,0.492935,137.04,0.0014233,1,0.999927
2025-12-11,0.415844,0.22713,0.206869,0.00369539,2.19,0.055067,13.23,16.35,866.47,90232,0.137767,2.05,3187.89,3895.34,8.49,0.130162,0.176899,0.32477,0.069174,0.584396,13.6,81.28,0.196211,0.139657,1.67,0.00374892,0.304548,0.068093,4242.64,0.00361819,0.000000593149,0.00113951,0.475335,131.04,0.00141558,1,0.999869
2025-12-12,0.424845,0.234421,0.214241,0.00378983,2.18,0.055613,13.52,16.73,886.75,92186,0.140926,2.05,3236.97,3955.19,8.65,0.129072,0.175565,0.321767,0.068663,0.620445,14.1,84.1,0.208134,0.139657,1.7,0.00388409,0.318486,0.068705,4341.89,0.00358655,0.000000635153,0.00120406,0.480348,138.8,0.00139955,1,0.999875
2025-12-13,0.412388,0.231779,0.212352,0.00303625,2.18,0.054149,13.35,16.44,902.43,90100,0.139406,2.05,3107.06,3794.63,8.58,0.122967,0.167832,0.317093,0.084327,0.599091,13.76,81.88,0.17743,0.139657,1.66,0.00382401,0.316815,0.068659,4318.71,0.00360448,0.000000516303,0.00111758,0.46611,133.15,0.00160688,1,0.999972
2025-12-14,0.402368,0.226588,0.210013,0.00308192,2.14,0.052756,13.06,16.1,892.97,89458,0.136805,1.98,3100.12,3788.58,8.45,0.121145,0.164644,0.308443,0.07827,0.593425,13.6,80.27,0.166442,0.139657,1.63,0.00384963,0.307386,0.0672,4320.8,0.00346877,0.000000491521,0.00105362,0.454426,131.58,0.00171273,1,0.999802
2025-12-15,0.401864,0.222816,0.212441,0.00266947,2.13,0.050934,13.13,16.22,887.36,89466,0.136575,2,3134.02,3830.12,8.52,0.119008,0.162516,0.32024,0.080063,0.592689,13.57,80.72,0.15219,0.139657,1.61,0.0037561,0.309863,0.063429,4353.75,0.00342206,0.000000453289,0.00102655,0.441216,132.83,0.00167841,1,0.999965
2025-12-16,0.38472,0.211899,0.196916,0.00220681,2.03,0.050661,12.13,14.96,869.02,87055,0.13102,1.89,2919.91,3566.39,8.11,0.114447,0.157548,0.304968,0.073098,0.553694,12.82,78.19,0.130472,0.139657,1.53,0.00353632,0.291236,0.057698,4332.39,0.00325159,0.000000388798,0.00084971,0.430593,127.73,0.00168044,0.999858,0.999403
2025-12-17,0.385102,0.211692,0.197688,0.00183605,2.02,0.051866,12.29,15.21,863.04,87798,0.131244,1.9,2946.35,3599.62,8.1,0.113894,0.155318,0.293469,0.066782,0.552116,12.77,79.31,0.122292,0.139657,1.55,0.00353193,0.294119,0.05574,4341.02,0.00326393,0.000000368011,0.00107893,0.425254,129.56,0.00166094,0.999848,1
2025-12-18,0.372547,0.208338,0.189434,0.00174065,1.96,0.04854519,12.15,14.99,848,88368,0.129456,1.86,2959.17,3618.25,8.11,0.111903,0.153257,0.283319,0.063681,0.542182,12.64,77.75,0.115049,0.139657,1.56,0.00357867,0.281691,0.052658,4364.69,0.00315493,0.000000341123,0.00105547,0.415848,126.98,0.00169366,0.999623,0.99992
2025-12-19,0.366764,0.203196,0.186493,0.00179884,1.88,0.04781569,11.98,14.81,845.56,87922,0.128536,1.81,2955.11,3613.44,8.01,0.109782,0.149855,0.284264,0.065318,0.541386,12.45,76.25,0.109252,0.139657,1.49,0.00344521,0.268293,0.05097,4334.62,0.00309143,0.000000325236,0.00100018,0.406609,125.79,0.00165398,0.999551,0.999944
2025-12-20,0.378452,0.206629,0.191373,0.00177753,1.97,0.04816269,12.26,15.17,852.57,88207,0.132122,1.84,2978.36,3639.78,8.07,0.113152,0.153452,0.281937,0.060048,0.543732,12.65,76.94,0.106939,0.139657,1.52,0.00358138,0.280406,0.051898,4350.91,0.00316199,0.00000031977,0.00103866,0.42438,126.25,0.00167957,0.999566,0.999777
2025-12-21,0.363359,0.199301,0.185971,0.00175739,1.93,0.0490518,12.11,14.98,852.23,88227,0.130409,1.78,2966.8,3628.55,8.01,0.11094,0.152763,0.264291,0.058888,0.533207,12.38,76.49,0.104132,0.139657,1.49,0.00349608,0.268742,0.051282,4360.54,0.00311524,0.000000312956,0.00104824,0.408556,124.49,0.0016532,0.999749,0.999818
2025-12-22,0.373749,0.201795,0.190496,0.00202502,1.97,0.04796207,12.35,15.29,864.42,89935,0.132971,1.82,3057.44,3743.53,8.34,0.113921,0.156129,0.270254,0.060187,0.553194,12.71,77.97,0.118522,0.139657,1.57,0.00367673,0.276299,0.051985,4434.9,0.00314058,0.000000357417,0.00104448,0.423288,126.69,0.00165652,0.999624,0.999884
2025-12-23,0.364408,0.196577,0.184437,0.00194408,1.95,0.04782669,12.17,15.08,849.41,87654,0.130227,1.76,2957.35,3609.65,8.15,0.111979,0.15299,0.269064,0.052112,0.533412,12.29,76.8,0.108289,0.139657,1.5,0.00366653,0.267545,0.050179,4504.39,0.00301805,0.000000329465,0.00095675,0.417072,124.07,0.00165859,0.99952,0.999702
2025-12-24,0.356935,0.194657,0.183685,0.00193387,1.93,0.04669996,12.06,14.91,839.01,87100,0.127963,1.73,2926.87,3575.89,8.14,0.109532,0.15022,0.273583,0.0495654,0.521453,12.18,76.4,0.104568,0.139657,1.45,0.00350993,0.263409,0.050164,4497.8,0.00301813,0.000000318914,0.00092502,0.418316,121.92,0.00161889,0.999589,0.999841
2025-12-25,0.350421,0.204879,0.187971,0.00181832,2,0.04552927,12.2,15.11,835.51,87436,0.12612,1.72,2922.47,3572.77,8.47,0.111078,0.151225,0.271658,0.051047,0.554545,12.2,76.06,0.104712,0.139657,1.48,0.00362551,0.262074,0.051095,4499.78,0.00309397,0.000000323053,0.00095489,0.434561,121.83,0.00166303,0.999547,0.999963
2025-12-26,0.356248,0.205389,0.192008,0.00177791,2.03,0.04619477,12.44,15.41,841.8,88700,0.125844,1.72,2974.98,3636.56,8.66,0.113993,0.157239,0.283605,0.053372,0.567657,12.44,77.25,0.103814,0.139657,1.53,0.00367504,0.270693,0.05135,4531.57,0.00312782,0.000000314848,0.0009684,0.434434,123.97,0.00165291,0.999441,0.999899
2025-12-27,0.355846,0.204195,0.192882,0.00186901,2.05,0.04542303,12.51,15.49,839.89,87485,0.122834,1.78,2926.09,3579.17,8.64,0.112214,0.152194,0.270276,0.051085,0.569922,12.29,78.35,0.103697,0.139657,1.53,0.00365207,0.273559,0.051804,4563.86,0.00313318,0.0000003187,0.00093221,0.446248,123.21,0.00168804,0.999539,0.999903
2025-12-28,0.369538,0.212453,0.197034,0.00203588,2.08,0.04555744,12.67,15.7,856.21,87917,0.124241,1.88,2941.55,3597.41,8.45,0.115567,0.15916,0.29103,0.052317,0.583198,12.45,79.04,0.10214,0.139657,1.58,0.00375118,0.275531,0.052347,4549.79,0.00315172,0.000000316682,0.00094632,0.443716,124.64,0.00169684,0.999454,1

2025-12-29,0.365125,0.205093,0.190935,0.00202076,2.01,0.04582618,12.57,15.58,850.82,87308,0.123528,1.84,2933.53,3586.47,8.16,0.113751,0.154036,0.287027,0.0475516,0.586788,12.33,77.53,0.095658,0.139657,1.52,0.00378462,0.272791,0.051579,4473.87,0.00309049,0.000000296965,0.00099127,0.43234,123.75,0.00167272,0.998909,0.999827

2025-12-30,0.352872,0.201732,0.193963,0.00238185,1.98,0.050542,12.52,15.52,857.68,87987,0.123905,1.82,2985.35,3651.42,8.06,0.111991,0.153604,0.269957,0.04910821,0.590781,12.47,78,0.089918,0.139657,1.54,0.00388151,0.274301,0.051152,4406.96,0.00305017,0.000000285389,0.00094141,0.419774,124.12,0.00167354,0.998854,0.999799

2025-12-31,0.349319,0.199027,0.190299,0.00227134,1.96,0.04959235,12.54,15.54,866.83,88666,0.122978,1.82,2987.09,3654.24,8.08,0.109301,0.150451,0.268063,0.0467257,0.586467,12.44,78.06,0.094463,0.139657,1.51,0.00381695,0.269365,0.050574,4336.67,0.00297293,0.000000297126,0.00091565,0.411786,126.05,0.00166815,0.998865,0.999834

2026-01-01,0.341148,0.201353,0.189556,0.00209783,1.96,0.04648497,12.36,15.31,858.54,87856,0.120745,1.83,2980.55,3645.31,7.7,0.10815,0.148192,0.2596,0.04425086,0.5867,12.25,77.81,0.093156,0.139657,1.54,0.00355419,0.275144,0.050398,4337.39,0.0030808,0.000000295259,0.00089816,0.431568,124.84,0.00167027,0.998734,0.999802

2026-01-02,0.390302,0.216774,0.206884,0.00207282,2.15,0.04881602,13.58,16.84,889.91,90780,0.138863,2.06,3139.69,3847.4,7.96,0.12055,0.164572,0.28601,0.04635621,0.625081,13.31,81.41,0.094473,0.139657,1.66,0.0040406,0.302993,0.051963,4342.91,0.00329664,0.000000285006,0.00110541,0.45878,131.83,0.00168872,0.999451,0.999739

2026-01-03,0.386758,0.214125,0.207413,0.00215944,2.21,0.04907502,14.05,17.43,876.81,89927,0.142817,2.12,3101.24,3794.56,8.03,0.119471,0.163172,0.285673,0.04799118,0.60803,13.12,81.85,0.094871,0.139657,1.7,0.00405006,0.306657,0.053734,4359.94,0.00342386,0.000000277372,0.00110135,0.453357,131.21,0.00169331,0.999432,0.999869

2026-01-04,0.399419,0.219789,0.21292,0.00218416,2.3,0.0495473,14.12,17.52,888.44,91185,0.152027,2.16,3136.51,3837.02,8.09,0.124897,0.171176,0.288405,0.04964616,0.628301,13.45,82.43,0.096353,0.139657,1.72,0.00414215,0.317831,0.055526,4347.38,0.00350654,0.000000285432,0.0011457,0.461077,134.22,0.00178522,0.999525,0.999928

2026-01-05,0.414755,0.22548,0.217061,0.00223753,2.35,0.050491,14.09,17.47,905.69,93894,0.149706,2.17,3183.63,3893.85,8.19,0.126474,0.172616,0.299247,0.05104,0.652229,13.69,83.06,0.095665,0.139657,1.76,0.00428207,0.323069,0.055957,4454.4,0.00350073,0.000000282502,0.00116622,0.470048,135.55,0.00179882,0.999772,0.999859

2026-01-06,0.421727,0.233058,0.22336,0.00229567,2.47,0.051869,14.62,18.15,913.32,93736,0.151466,2.23,3231.87,3957.19,8.47,0.13284,0.181538,0.315731,0.054592,0.666318,13.86,84.25,0.097548,0.139657,1.83,0.0044745,0.334463,0.0605,4471.64,0.00360632,0.000000290391,0.00123085,0.546114,139.09,0.00178537,0.999651,0.999893

2026-01-07,0.401056,0.217254,0.211402,0.00211542,2.41,0.051744,14.03,17.42,897.48,90961,0.146389,2.13,3149.3,3853.23,8.46,0.123079,0.168361,0.302773,0.04974402,0.635514,13.35,81.47,0.091551,0.139657,1.72,0.00420858,0.3157,0.058129,4470.72,0.00347429,0.000000275127,0.00107647,0.491877,135.9,0.00177995,0.999089,0.999962

2026-01-08,0.389172,0.21222,0.206049,0.00206615,2.46,0.051583,13.78,17.12,884.29,89957,0.139816,2.1,3094.84,3787.1,8.37,0.119286,0.164064,0.295978,0.04860039,0.618503,13.14,80.64,0.089715,0.139657,1.67,0.0039796,0.306821,0.056153,4435.76,0.00354827,0.000000268757,0.00104335,0.483191,133.99,0.00176835,0.998852,0.999895

2026-01-09,0.391031,0.215633,0.207294,0.00218622,2.58,0.052031,13.78,17.12,896.03,90543,0.140537,2.08,3084.51,3777.09,8.19,0.120201,0.166376,0.310928,0.055941,0.637567,13.13,81.41,0.091059,0.139657,1.7,0.00405339,0.314759,0.057493,4503.75,0.00340783,0.000000272941,0.00099135,0.484109,135.94,0.0017946,0.998776,0.999885


2026-01-10,0.391159,0.213253,0.210622,0.00203733,2.6,0.052824,13.91,17.3,908.72,90626,0.139887,2.12,3093.91,3788.26,8.14,0.119091,0.164683,0.309834,0.054542,0.638328,13.19,81.32,0.09111,0.139657,1.71,0.00401125,0.321097,0.058299,4506.36,0.00344877,0.000000275716,0.00104643,0.481232,136.47,0.00179239,0.998814,1

2026-01-11,0.394088,0.211869,0.208178,0.00205639,2.62,0.051482,13.82,17.17,912.29,90766,0.140406,2.1,3107.89,3804.82,7.99,0.118183,0.162758,0.293383,0.057717,0.639925,13.21,80.85,0.090685,0.139657,1.7,0.00403842,0.3204,0.05778,4513.26,0.00345516,0.00000027479,0.00104476,0.478541,136.91,0.00179105,0.998847,1

2026-01-12,0.387369,0.205495,0.202152,0.00205448,2.58,0.05023,13.6,16.88,898.77,90711,0.136567,2.06,3097.65,3792.23,7.98,0.115588,0.157588,0.285668,0.051706,0.615379,13.08,76.66,0.087564,0.139657,1.67,0.00386232,0.311251,0.055673,4602.31,0.00328697,0.0000002646,0.00103806,0.464543,140.04,0.00177343,0.998887,0.999799

2026-01-13,0.392704,0.213056,0.207463,0.00206862,2.54,0.0497379,13.8,17.17,907.69,91914,0.139298,2.11,3128.18,3831.3,7.91,0.116334,0.159253,0.286626,0.050885,0.619998,13.26,76.64,0.088462,0.139657,1.78,0.00417946,0.329085,0.056092,4600.17,0.00334159,0.000000268427,0.00100294,0.467167,141.91,0.00178143,0.998927,0.999738

2026-01-14,0.41527,0.230451,0.222013,0.0021134,2.64,0.050264,14.52,18.08,933.9,95037,0.146598,2.25,3294.7,4036.75,8.3,0.123329,0.169549,0.307775,0.04682744,0.652605,13.93,78.73,0.092028,0.139657,1.82,0.00430948,0.361682,0.060579,4641.23,0.00352552,0.000000281514,0.00107942,0.503982,144.52,0.00180904,0.99957,0.999853

2026-01-15,0.407871,0.226182,0.217206,0.00143439,2.53,0.050961,14.37,17.9,941.5,96868,0.144401,2.23,3365.5,4119.93,8.07,0.121832,0.165898,0.293829,0.04743445,0.639291,14.11,75.87,0.089722,0.139657,1.81,0.00424169,0.35623,0.058946,4615.27,0.00348903,0.00000027604,0.00100521,0.492111,144.8,0.00204025,0.999689,0.99971

2026-01-16,0.389486,0.215205,0.208392,0.00153994,2.48,0.04923492,13.74,17.1,932.32,95310,0.137647,2.11,3298.48,4039.69,8.01,0.116258,0.160651,0.285503,0.04830998,0.610866,13.69,72.24,0.088572,0.139657,1.71,0.00404638,0.335046,0.056839,4605.54,0.00341721,0.000000272101,0.00093831,0.460136,142.94,0.00203141,0.999549,0.999752

2026-01-17,0.400539,0.237345,0.219501,0.00153493,2.59,0.04917054,13.82,17.21,951.9,95255,0.138693,2.2,3315.14,4062.73,8.02,0.120228,0.16492,0.284238,0.04725105,0.613367,13.79,75.1,0.090122,0.139657,1.79,0.00439869,0.349339,0.058446,4605.04,0.00349092,0.000000279724,0.00094603,0.496426,144.2,0.00202665,0.99964,1.01

2026-01-18,0.392844,0.220512,0.215284,0.00150462,2.49,0.04877029,13.56,16.89,946.58,95108,0.137077,2.15,3324.15,4071.44,7.99,0.116916,0.161616,0.278155,0.04819572,0.60246,13.75,74.82,0.087605,0.139657,1.71,0.004195,0.338802,0.05762,4620.45,0.00346819,0.000000270676,0.00092444,0.476915,142.34,0.00204955,0.999582,0.999701

2026-01-19,0.36862,0.199148,0.191401,0.00139812,2.39,0.04633014,12.75,15.89,923.49,92806,0.128438,1.98,3211.56,3934.39,7.26,0.10987,0.151543,0.2653,0.0454955,0.548926,12.81,70.54,0.080963,0.139657,1.56,0.00360376,0.31183,0.05451,4678.02,0.00323182,0.000000251328,0.00088738,0.441712,133.45,0.002009,0.999476,0.999785

2026-01-20,0.35102,0.188706,0.1832,0.00128081,2.32,0.04541892,12.13,15.08,891.78,89285,0.123621,1.91,2985.53,3659.17,7.13,0.105102,0.144565,0.254075,0.0412955,0.523862,12.23,67.52,0.078514,0.139657,1.52,0.00352319,0.298848,0.052856,4778.03,0.00304669,0.000000253544,0.00079858,0.413322,126.86,0.00202225,0.998948,0.999698

2026-01-21,0.359985,0.191088,0.185407,0.0013934,2.4,0.04552736,12.25,15.27,879.51,89375,0.125127,1.96,2966.5,3642.18,7.26,0.109359,0.151438,0.258517,0.02843118,0.532564,12.34,68.62,0.080109,0.139657,1.54,0.00358703,0.31248,0.053564,4879.8,0.00313035,0.000000257839,0.00078174,0.428618,128.58,0.00199693,0.999046,0.999677

