coingecko-id:,cardano,aurora-near,avalanche-2,benqi-liquid-staked-avax,binancecoin,bitcoin,dogecoin,ethereum,wrapped-steth,hedera-hashgraph,hbarx,indigo-dao-governance-token,chainlink,litecoin,near,pax-gold,snek,solana,undead-blocks,tether,usd-coin,pax-gold
date,ADA,AURORA,AVAX,sAVAX,BNB,BTC,DOGE,ETH,wstETH,HBAR,HBARX,INDY,LINK,LTC,NEAR,PAXG,SNEK,SOL,UNDEAD,USDt,USDC,PAXG
2025-07-01,0.551824,0.070235,17.38,21.11,650.86,106658,0.159684,2442.89,2945.37,0.1500492429,0.2008670553,0.909683,13.07,85.27,2.09,3355.86,0.00190076,148.11,0.00218807,1,0.999916,3346.2
2025-07-02,0.561526,0.070395,17.55,21.29,657.15,107582,0.161265,2447.79,2949.51,0.1446776796,0.1940218249,0.919283,13.08,84.46,2.14,3350.12,0.00196519,148.57,0.00217444,1,0.999902,3339.3
2025-07-03,0.59732,0.072972,18.64,22.67,659.6,108896,0.171873,2574.82,3113.66,0.159269,0.20916417,0.974765,13.74,90.53,2.28,3325.08,0.00209648,152.66,0.0022519,1,0.999904,3344.3
2025-07-04,0.582705,0.071821,18.14,22.03,659.95,108859,0.167207,2551.7,3081.25,0.155954,0.2127042063,0.949369,13.38,88.06,2.19,3341.4,0.00196055,150.59,0.00221778,1,0.999998,3338.8
2025-07-05,0.575346,0.071125,17.9,21.74,655.24,108200,0.164301,2519.99,3040.55,0.155118,0.2051780051,0.849539,13.2,86.83,2.13,3346.23,0.00189538,148.41,0.00223572,1,0.999872,3333.9
2025-07-06,0.580248,0.070798,17.98,21.83,656.54,108189,0.166365,2520.15,3039.75,0.155557,0.2062256245,0.851031,13.23,87.34,2.15,3346.83,0.00191351,148.43,0.0023313,1,0.999864,3337.6
2025-07-07,0.586739,0.070738,18.16,22.08,662.05,108601,0.170856,2562.75,3089.57,0.159502,0.2140289423,0.87479,13.57,86.83,2.17,3313.53,0.00189684,152.77,0.00235824,0.999982,0.999901,3301.9
2025-07-08,0.586662,0.067812,18.2,22.11,660.71,108871,0.171236,2582.24,3118.22,0.160223,0.2119438056,0.870431,13.55,86.95,2.18,3328.66,0.00184692,152.15,0.00234125,1,0.999903,3321.2
2025-07-09,0.614608,0.068833,18.68,22.73,662.17,109514,0.174349,2660.44,3211.17,0.17061,0.2162689027,0.904608,14.14,88.71,2.29,3302.69,0.00198857,154.25,0.00236609,1,0.999896,3289
2025-07-10,0.626105,0.071851,19.54,23.75,670.89,110888,0.18019,2775.65,3351.35,0.176798,0.2297937578,0.929322,14.29,90.73,2.35,3325.03,0.00220063,157.36,0.00261243,1,0.999934,3315.3
2025-07-11,0.75129,0.079009,21.44,26.07,693.22,117978,0.204652,2998.51,3631.8,0.204942,0.2532265987,1.093,15.8,97.24,2.63,3353.11,0.00314108,167.67,0.00272695,1,0.999811,3339.6
2025-07-12,0.710733,0.076183,20.63,25.09,686.56,117476,0.195455,2936.49,3541.42,0.198055,0.2586079221,1.029,15.02,92.42,2.47,3347.09,0.00280964,159.43,0.00245631,1,0.999892,3348.4
2025-07-13,0.737965,0.076598,21.29,25.85,692.41,118326,0.200011,2978.81,3600.45,0.234819,0.2635748638,1.08,15.48,95.16,2.55,3350.91,0.00300501,162.29,0.00246793,1,0.999862,3350.2
2025-07-14,0.749772,0.08237,21.72,26.4,704.61,121719,0.206117,3050.28,3682.86,0.240517,0.3222099024,1.057,16.29,97.08,2.65,3364,0.00335033,166.94,0.00249928,1,0.999853,3362.3
2025-07-15,0.726029,0.083093,21.01,25.56,680.65,117073,0.191645,2980.76,3598.48,0.231315,0.3173315759,1.042,15.34,92.44,2.5,3356.25,0.00302618,159.67,0.00249495,0.999857,0.999904,3351.1
2025-07-16,0.750571,0.082045,22.06,26.84,693.04,118727,0.201351,3176.85,3839.28,0.239479,0.3106763808,1.068,16.57,97.29,2.67,3342.03,0.00325181,166.81,0.0025278,1,0.999907,3335.6
2025-07-17,0.806359,0.084722,22.84,27.77,717.19,117882,0.214668,3430.08,4142.11,0.247246,0.3171147048,1.15,17.09,99.49,2.79,3334.35,0.00356902,176.15,0.00229389,1,0.999809,3325.9
2025-07-18,0.836038,0.088554,24.04,29.2,746.44,117935,0.244841,3574.73,4300.28,0.269588,0.3760831539,1.18,18.15,104.96,2.89,3363.05,0.00390022,177.68,0.00231744,1,0.999913,3351.4
2025-07-19,0.817009,0.081087,23.64,28.66,737.67,118265,0.245092,3547.56,4291.03,0.264444,0.3482782349,1.12,17.71,101.07,2.82,3360.84,0.00370454,176.41,0.00217276,1,0.999836,3350.2
2025-07-20,0.849595,0.083797,24.98,30.43,746.75,117982,0.25229,3736.78,4521.76,0.271842,0.3604981616,1.16,19.27,116.33,2.99,3356.35,0.0039969,180.35,0.00222609,1,0.999906,3351.4
2025-07-21,0.921966,0.083702,25.94,31.59,772.25,118234,0.272829,3815.1,4595,0.284964,0.364647859,1.27,19.99,116.97,3.02,3386.65,0.00424834,191.34,0.0022293,1,0.999845,3367.5
2025-07-22,0.877067,0.081511,25.46,30.95,763.22,119171,0.267407,3703.74,4472.28,0.266413,0.3645722231,1.18,19.26,115.09,2.96,3391.05,0.00396482,198.88,0.00216531,1,0.999852,3388.3
2025-07-23,0.828506,0.079686,24.18,29.28,787.89,118015,0.246584,3608.83,4350.84,0.252956,0.3694223226,1.13,18.31,113.38,2.82,3412.61,0.00385901,191.23,0.00211562,1,0.999906,3425.2
2025-07-24,0.811726,0.077752,23.79,28.88,768.96,118576,0.238474,3647.58,4405.24,0.241361,0.3310207434,1.13,18.04,113.34,2.71,3369.43,0.00368959,186.36,0.00212923,1,0.999906,3363.3
2025-07-25,0.807752,0.077605,23.7,28.81,774.51,116127,0.231054,3705.12,4493.55,0.248382,0.3203841485,1.16,18.26,114.83,2.78,3350.7,0.00346971,181.03,0.00218307,1,0.999901,3347.5
2025-07-26,0.8275,0.078277,24.27,29.53,782.45,117964,0.237416,3746.25,4515.68,0.274406,0.34810845,1.15,18.3,114.08,2.88,3353.25,0.00364703,188.03,0.00216149,1,0.999882,3347.1
2025-07-27,0.824855,0.082466,24.92,30.34,796.15,118085,0.237019,3825.86,4624.16,0.283927,0.3767156532,1.16,18.79,113.31,2.9,3359.24,0.00366756,186.85,0.00203107,1,0.999803,3350.4
2025-07-28,0.801246,0.079848,25.78,31.37,832.87,117702,0.231298,3788.79,4578.2,0.272601,0.3915840806,1.16,18.35,110.08,2.81,3319.67,0.00353041,185.99,0.00204558,0.999934,0.999774,3341.3
2025-07-29,0.797239,0.079381,24.75,30.04,824.61,118590,0.228041,3836.12,4635.1,0.273603,0.3634950896,1.12,18.17,109.52,2.76,3327.11,0.00359059,183.26,0.00202027,0.999892,0.999772,3316.6
2025-07-30,0.759349,0.077079,23.25,28.22,783.27,117633,0.216424,3772.37,4564.53,0.25442,0.3540368938,1.034,17.36,108.22,2.62,3331,0.00367697,177.37,0.00194034,0.99995,0.999788,3332
2025-07-31,0.758239,0.076693,22.88,27.88,791.38,117991,0.215524,3774.84,4568.51,0.265145,0.3440621878,1.059,17.39,108.99,2.6,3303.25,0.00349372,176.42,0.0021946,0.999807,0.999804,3308.2
2025-08-01,0.729266,0.074275,22.19,26.94,774.22,115780,0.208011,3669.61,4433.32,0.247996,0.3381634486,1.006,16.73,105.74,2.49,3341.41,0.00330912,169.29,0.00201684,0.999702,0.999709,3336.7
2025-08-02,0.714844,0.072524,21.49,26.17,756.62,113750,0.199753,3506.87,4212.64,0.237479,0.3250636041,0.994871,16.03,106.97,2.4,3363.28,0.00315658,164.45,0.00200853,0.999684,0.999692,3362.1
2025-08-03,0.724189,0.072157,21.39,26.05,748.96,113828,0.19831,3484.99,4209.2,0.245094,0.3099189348,1.011,16.16,109.38,2.43,3360.08,0.00323938,161.58,0.00253838,0.999981,0.999797,3357.1
2025-08-04,0.739084,0.074581,21.88,26.6,756.32,114501,0.201471,3557.86,4293.37,0.246838,0.3350201779,1.019,16.59,114.92,2.48,3371.57,0.00331505,162.56,0.00462989,1,0.999809,3367.3
2025-08-05,0.728946,0.073789,21.92,26.7,749.35,113107,0.199559,3587.32,4334.66,0.243117,0.3366589177,0.987403,16.41,122.5,2.5,3384.97,0.00340238,164.73,0.00397976,0.999829,0.999731,3351.7
2025-08-06,0.725956,0.07396,21.86,26.63,759.9,113883,0.200367,3588.72,4340.68,0.238488,0.3218474201,0.991282,16.35,115.56,2.45,3370.93,0.00341559,164.02,0.00462001,0.999885,0.999809,3364.2
2025-08-07,0.768775,0.076432,22.73,27.75,774.35,116384,0.213346,3836.05,4634.73,0.253113,0.3286372614,1.044,17.36,119.82,2.59,3380.99,0.00371006,172.14,0.01585035,0.999999,0.999609,3380.9
2025-08-08,0.787896,0.077226,23.27,28.37,785.91,116549,0.221984,3896.12,4739.04,0.260426,0.3490135749,1.13,19.3,121.88,2.64,3386.73,0.00421002,176.49,0.01458153,1,0.99971,3396.4
2025-08-09,0.811174,0.079737,24.24,29.61,806.02,116746,0.24177,4214.48,5087.25,0.263969,0.3525786346,1.14,21.14,122.02,2.81,3389.9,0.00435814,180.43,0.01233577,1,0.999815,3384.9
2025-08-10,0.790761,0.079548,23.58,28.8,800.14,118367,0.230929,4189.81,5059.92,0.256163,0.3582379281,1.11,21.6,122.09,2.73,3387.86,0.00425746,180.19,0.01276393,0.999999,0.999818,3385.6
2025-08-11,0.789086,0.080302,23.26,28.36,797.79,119887,0.228343,4178.51,5049.14,0.253143,0.3492126371,1.13,21.31,125.57,2.66,3345.81,0.00428685,178.74,0.00896432,0.999679,0.999709,3359.9
2025-08-12,0.786968,0.078475,23.36,28.16,805.19,118881,0.224668,4344.17,5265.49,0.249278,0.3322137327,1.12,22.12,120.71,2.66,3346.18,0.0044101,176.59,0.00817179,0.999756,0.999812,3348.1
2025-08-13,0.879851,0.079928,25.09,30.6,853.24,120380,0.246503,4693.48,5675.54,0.264067,0.3519903589,1.21,23.73,131.53,2.89,3348.52,0.00520366,201.82,0.00914605,0.99997,0.99973,3358.5
2025-08-14,0.963603,0.079606,25.03,30.54,861.14,120983,0.237761,4721.21,5695.66,0.262547,0.3575629122,1.33,23.34,127.69,2.92,3347.06,0.00545734,203.48,0.00539966,1,0.999777,3349.5
2025-08-15,0.944349,0.078093,24.52,29.83,846.43,118774,0.230247,4644.4,5611.21,0.254125,0.3344831957,1.42,22.45,121.49,2.78,3338.69,0.00527634,194.62,0.0049227,1.001,0.999799,3341.3
2025-08-16,0.905467,0.076059,23.64,28.91,827.58,117453,0.227888,4389.16,5308.93,0.248592,0.33266579,1.47,21.49,117.43,2.7,3331.77,0.00501656,185.83,0.00390058,1.001,0.999801,3341.1
2025-08-17,0.969525,0.076542,24.84,30.29,862.07,118311,0.234173,4547.86,5496.82,0.256544,0.3387448796,1.56,24.66,122.33,2.8,3330.8,0.00532073,193.39,0.00395425,1,0.999797,3340.6
2025-08-18,0.901364,0.074609,23.79,28.95,833.94,115240,0.223115,4300.81,5178.48,0.241724,0.3405029676,1.48,24.81,116.92,2.59,3343.85,0.00505865,182.02,0.00412871,1.001,0.999851,3348.3
2025-08-19,0.91368,0.072608,23.03,28.12,840.64,114561,0.218492,4261.27,5169.01,0.238381,0.3284465922,1.47,24.43,114.97,2.5,3332.11,0.00494299,181.32,0.00445231,1,0.999841,3342.2
2025-08-20,0.852821,0.072691,22.88,27.76,831.44,113847,0.214588,4211.49,5061.74,0.234167,0.3125710472,1.37,24.97,114.89,2.47,3322.59,0.00459392,180.85,0.0040432,0.999948,0.999878,3336.5
2025-08-21,0.867663,0.071836,23.11,28.22,850.42,113153,0.217521,4271.08,5173.2,0.235931,0.324700136,1.45,26.16,114.66,2.48,3332.13,0.00466236,184,0.00400746,0.999917,0.9999,3344.9
2025-08-22,0.827468,0.069776,22.36,27.47,846.54,111769,0.209985,4215.99,5112.51,0.229558,0.3165792425,1.35,24.21,113.08,2.38,3320.35,0.00440655,178.13,0.00385175,0.999811,0.99971,3331.6
2025-08-23,0.91213,0.072653,26.12,31.92,890.24,115180,0.236941,4713.89,5669.59,0.249139,0.3458910496,1.47,25.73,121.28,2.68,3358.35,0.0048599,202.27,0.00398767,0.999588,0.999781,3366.3
2025-08-24,0.902532,0.072629,25.57,31.05,868.29,114701,0.232636,4810.58,5793.1,0.24782,0.3413436572,1.45,25.65,119.81,2.64,3359.63,0.00466104,207.92,0.00408924,0.999766,0.999796,3371.9
2025-08-25,0.866817,0.07098,24.2,29.64,856.24,111395,0.219736,4609.46,5574.6,0.237155,0.3343472286,1.38,24.42,111.48,2.5,3359.19,0.0044244,197.63,0.00405107,0.999862,0.999803,3369.4
2025-08-26,0.832736,0.071007,23.33,28.52,840.03,109645,0.209548,4412.49,5340.04,0.233882,0.3117355604,1.35,23.42,110.19,2.42,3365.66,0.00419244,187.44,0.00405192,1,0.999814,3365.7
2025-08-27,0.868383,0.093536,24.98,30.54,860.38,111933,0.220351,4619.96,5579.22,0.241816,0.3260314689,1.45,24.36,113.65,2.52,3371.62,0.00427513,205.05,0.00379474,1,0.999735,3386.5
2025-08-28,0.866697,0.08056,24.48,29.97,873.6,112914,0.223595,4588.84,5548.82,0.238499,0.3203318019,1.35,23.83,113.4,2.52,3398.14,0.00434373,212.8,0.00363019,1,0.999813,3403.4
2025-08-29,0.823821,0.078011,23.58,28.85,856.28,108620,0.213754,4282.44,5165.33,0.225717,0.3217025499,1.26,23.28,109.62,2.44,3434.51,0.00399082,208.29,0.00341151,1,0.999817,3410.7
2025-08-30,0.823758,0.076093,23.73,29.04,859.02,108526,0.21576,4381.44,5303.3,0.225656,0.3084926834,1.27,23.38,110.41,2.44,3461.46,0.00392385,202.08,0.00332389,1,0.999762,3455
2025-08-31,0.823009,0.0794,24.02,29.35,859.74,108355,0.217976,4471.07,5412.36,0.224556,0.3035152311,1.25,23.77,111.22,2.44,3462.33,0.0039602,202.98,0.00337157,1,0.999801,3459.4
2025-09-01,0.820262,0.081097,23.76,29.07,852.78,108776,0.216065,4393.12,5312.56,0.218446,0.296906102,1.28,23.24,109.54,2.38,3482.85,0.00383726,199.35,0.00326852,1,0.999906,3515.6
2025-09-02,0.812453,0.079018,23.89,29.29,845.76,109292,0.209837,4319.27,5234.33,0.214758,0.2875785646,1.25,23.01,109.89,2.35,3496.02,0.00371459,200.23,0.0028541,1,0.999723,3478
2025-09-03,0.83329,0.077284,24.96,30.58,854.81,111384,0.216725,4381.65,5304.39,0.220484,0.2950098192,1.23,23.51,112.1,2.45,3570.8,0.00376745,210.53,0.00289013,1,0.999819,3538.9
2025-09-04,0.8181,0.077495,24.62,30.13,847.84,110847,0.215734,4409.29,5341.61,0.214317,0.297073222,1.21,23.3,111.1,2.41,3553.82,0.00378823,207.36,0.00296116,1,0.999833,3541.1
2025-09-05,0.83384,0.076864,24.81,30.36,851.5,112508,0.217752,4440.18,5371.71,0.220288,0.2881407079,1.26,22.87,112.96,2.44,3557.06,0.00376495,207.08,0.00291051,1,0.999808,3552.6
2025-09-06,0.823533,0.075272,24.17,29.56,862.41,110848,0.214331,4302.34,5206.89,0.216339,0.2953494608,1.22,22.29,111.7,2.39,3607.2,0.00377986,202.61,0.00292131,1,0.99984,3612.6
2025-09-07,0.833146,0.076622,24.48,29.98,873.28,111286,0.219144,4310.25,5218.45,0.22,0.2900060052,1.26,22.4,114.15,2.44,3621.25,0.00385872,203.89,0.00292894,1,0.9997,3603.9
2025-09-08,0.851068,0.083379,25.17,30.81,877.81,111936,0.233292,4313.1,5227.5,0.222957,0.2933933352,1.31,22.98,113.2,2.5,3623.02,0.0040731,213.83,0.00292897,0.999992,0.9998,3622
2025-09-09,0.890292,0.082227,26.09,31.95,881.16,112755,0.245771,4361.38,5278.32,0.233768,0.3048785881,1.37,23.68,113.67,2.75,3663.33,0.00433481,218.03,0.00293264,1,0.999803,3655.2
2025-09-10,0.880471,0.079725,27.43,33.53,887.2,113194,0.242462,4377.76,5269.21,0.232872,0.3071895439,1.36,23.54,113.44,2.68,3657.54,0.00411138,222.22,0.00292897,1,0.999715,3648.7
2025-09-11,0.879755,0.0801,28.82,35.17,897.91,113937,0.247302,4416.85,5346.27,0.236934,0.3153774239,1.33,23.75,116.62,2.71,3634.15,0.00448258,226.12,0.00293049,1,0.999784,3616
2025-09-12,0.893819,0.080296,28.65,35.09,909,115222,0.264579,4552.41,5523.8,0.242349,0.3229731862,1.38,24.6,116.58,2.74,3651.71,0.0045163,240.88,0.00297582,1,0.999774,3650.5
2025-09-13,0.946127,0.083909,30.41,37.24,939.53,116048,0.293819,4728.61,5725.11,0.252213,0.3308029529,1.44,25.28,120.14,2.87,3634.5,0.00484905,242.39,0.00300052,1.001,0.99981,3630.1
2025-09-14,0.904336,0.082281,29.75,36.42,933.75,115863,0.286792,4638.26,5620.52,0.241228,0.3346885797,1.36,24.45,115.82,2.72,3649.71,0.0045935,246.38,0.00300098,1.001,0.9998,3646.2
2025-09-15,0.86211,0.079397,28.84,35.34,919.93,114827,0.262751,4522.27,5486.95,0.232949,0.324212946,1.3,23.27,113.25,2.63,3658.55,0.00433429,235.2,0.00298219,1,0.999611,3639.7
2025-09-16,0.870975,0.079626,30.47,37.24,928.59,115436,0.266041,4500.86,5455.74,0.237047,0.3198675003,1.31,23.57,114.33,2.68,3701.62,0.0042237,235.13,0.00292649,1,0.999728,3703.1
2025-09-17,0.871911,0.078545,29.85,36.51,951.85,116227,0.266902,4503.58,5462.59,0.235365,0.3209920387,1.3,22.98,114.39,2.7,3691.15,0.00414096,234.73,0.00298347,1,0.999799,3677
2025-09-18,0.923079,0.081584,32.95,40.29,993.78,117399,0.282417,4593.43,5574.58,0.246707,0.3301250434,1.37,24.45,116.5,2.96,3645.02,0.00440098,248.61,0.00300969,1,0.999674,3660
2025-09-19,0.905679,0.085479,33.98,41.51,991.13,116405,0.27182,4541.24,5504.17,0.24112,0.3331875665,1.35,23.88,116.29,3.15,3661.35,0.00420787,242.43,0.00293991,1,0.999636,3651.3
2025-09-20,0.901713,0.082413,33.8,41.33,1018.87,116074,0.268269,4498.38,5459.17,0.245136,0.3219228543,1.33,23.49,114.75,3.22,3688.15,0.00417677,240.6,0.00291072,1,0.99971,3689.3
2025-09-21,0.886572,0.081064,32.97,40.29,1046.51,115755,0.266733,4470.27,5421.86,0.237417,0.3278390825,1.32,23.18,114.8,3.12,3689.05,0.00410642,239.72,0.00284473,1,0.999706,3685.5
2025-09-22,0.82136,0.076734,31.28,38.33,1020.23,112699,0.239117,4177.72,5065.99,0.217498,0.3199651317,1.22,21.25,105.52,2.87,3736.02,0.00384217,221.05,0.00272946,1.001,0.999609,3729.7
2025-09-23,0.820038,0.076698,35.27,42.85,1014.92,112737,0.238803,4185.25,5071.59,0.222164,0.2974641371,1.25,21.87,106.36,3.04,3780.35,0.00379799,218.21,0.00272178,1.001,0.999705,3788.9
2025-09-24,0.821578,0.076921,34.37,42.04,1019.74,113072,0.242796,4194.28,5094.77,0.224655,0.2972250995,1.24,21.84,107.3,3.04,3771.76,0.00377268,212.17,0.00268366,1,0.999705,3768.1
2025-09-25,0.790582,0.076483,30.53,37.39,993.44,111645,0.231839,4003.18,4860.17,0.214558,0.3001795008,1.16,21.01,104.75,2.9,3751.86,0.00365468,200.92,0.00269206,1,0.999708,3742.5
2025-09-26,0.773559,0.07397,27.69,33.85,948.2,109513,0.22682,3941.42,4787.25,0.209589,0.2810036916,1.12,20.43,102.85,2.7,3762.42,0.00358064,197.11,0.00269364,1.001,0.999659,3763.8
2025-09-27,0.785987,0.074697,28.37,34.71,973.56,109383,0.230486,4021.2,4885.85,0.213517,0.290155744,1.12,20.97,104.45,2.72,3784.66,0.00367957,202.51,0.00271672,1.001,0.999628,3777.9
2025-09-28,0.788497,0.074736,28.93,35.42,978.78,110174,0.231067,4040.39,4907.56,0.213194,0.2880575709,1.15,21.13,105.05,2.72,3773.22,0.00376626,205.52,0.00268247,1,0.999618,3762.4
2025-09-29,0.810379,0.074649,30.23,37.02,1016.65,113973,0.236209,4184.88,5086.13,0.219063,0.2906833707,1.18,21.61,106.48,2.81,3836.76,0.00388162,212.39,0.00273539,1.001,0.999708,3820.3
2025-09-30,0.790199,0.074561,29.41,36.02,1013.21,113056,0.230141,4162.11,5059.69,0.213725,0.2942239538,1.14,21.4,105.39,2.65,3827.56,0.00374394,207.05,0.0027196,1,0.999703,3818.3
2025-10-01,0.833745,0.074949,30.67,37.58,1020.68,116780,0.242588,4300.11,5222.21,0.220356,0.2905713482,1.21,22.24,110.22,2.8,3896.12,0.00390097,217.56,0.00269133,1,0.999707,3884.5
2025-10-02,0.853231,0.077763,30.66,37.59,1060.19,119321,0.256304,4393.88,5336.66,0.227016,0.3011766781,1.23,22.47,120.01,2.89,3887.6,0.00410965,226.65,0.00273279,1,0.99972,3882.1
2025-10-03,0.856297,0.076907,30.26,37.1,1107.48,120343,0.25588,4487.51,5455.64,0.222733,0.3068994025,1.25,22.34,118.01,2.93,3874.32,0.00421914,230.42,0.00275023,1.001,0.999704,3864.9
2025-10-04,0.846135,0.076735,30.33,37.16,1146.04,122395,0.251452,4502.02,5464.98,0.219853,0.2462686674,1.19,22.09,118.56,2.95,3894.8,0.00412733,228.83,0.00274701,1,0.999706,3892.4
2025-10-05,0.858816,0.077009,30.15,36.94,1165.51,123261,0.257441,4547.28,5525.26,0.221303,0.2958341193,1.2,22.55,120.32,3.04,3898.85,0.00419125,231.77,0.00271842,1,0.999775,3899.7
2025-10-06,0.855245,0.075897,30.63,37.53,1237.33,124480,0.260818,4588.94,5573.25,0.224238,0.2928531827,1.21,22.3,120.18,3,3940.71,0.00414838,234.21,0.00273801,1,0.9998,3959.3
2025-10-07,0.858466,0.076113,29.98,36.75,1319.72,124544,0.26174,4713.12,5723.44,0.225575,0.310123875,1.2,22.82,118.26,3.03,3983.42,0.00420672,230.36,0.00276571,1.001,0.999706,3969.8
2025-10-08,0.822133,0.073857,28.46,34.94,1304.44,122701,0.252644,4480.1,5445.46,0.218019,0.2956556169,1.14,22.11,116.76,2.95,4054.37,0.0039731,222.18,0.00272311,1,0.999724,4042.9
2025-10-09,0.815532,0.076918,28.5,34.93,1285.76,123063,0.248665,4386.83,5334.91,0.213909,0.2849528195,1.13,21.82,117.64,2.89,4054.43,0.00390718,224.39,0.00271408,1,0.999803,4047.7
2025-10-10,0.820778,0.077452,28.35,34.77,1257.11,121999,0.252394,4370.53,5318.38,0.216366,0.2897713233,1.14,22.72,134.88,3.18,4001.14,0.00396176,223.76,0.00271322,1,0.999746,3998.9
2025-10-11,0.664849,0.061037,22.67,27.81,1128.4,112303,0.193764,3834.69,4666.32,0.174936,0.2282329991,0.935864,18.02,98.04,2.48,4000.02,0.00327882,183.62,0.00265295,1.001,0.999756,4017.9
2025-10-12,0.644006,0.060772,21.1,25.87,1230.41,111896,0.188779,3821.12,4644.78,0.170457,0.2379339611,0.911248,17.41,95.6,2.29,4011.83,0.00312244,180.96,0.00262333,1.001,0.999805,4016.3
2025-10-13,0.710145,0.064449,22.41,27.47,1286.72,114561,0.206378,4105.17,4984.48,0.187257,0.2477642575,1.046,19.31,96.89,2.49,4088.77,0.00351846,192.22,0.00268189,1.001,0.9999,4090.7
2025-10-14,0.676092,0.061497,22.22,27.24,1180.94,111080,0.19833,3957.56,4814.68,0.179474,0.2609692466,0.971032,18.44,93.05,2.39,4135.1,0.00322404,195.15,0.00268104,1.001,0.999902,4127.8
2025-10-15,0.688267,0.062748,22.33,27.37,1179.04,111593,0.201174,4086.34,4966.8,0.184759,0.2574842558,0.962212,18.59,97.13,2.39,4212.84,0.00331881,202.83,0.00278661,1.001,0.999813,4215
2025-10-16,0.680983,0.062201,22.22,27.25,1179.91,111680,0.200625,4057.89,4930.98,0.183894,0.2323616042,0.938169,18.5,96.53,2.37,4258.88,0.00327122,196.97,0.00278821,1.001,0.999899,4252.6
2025-10-17,0.620178,0.058412,19.87,24.35,1074.17,105968,0.183368,3789.06,4599.65,0.16351,0.2308514074,0.865378,16.58,87.97,2.17,4322.3,0.00287797,181.89,0.00273287,1,0.999899,4289.5
2025-10-18,0.632009,0.057909,20.03,24.59,1095.02,106995,0.187349,3872.46,4705.84,0.165013,0.2236456204,0.891507,16.79,90.71,2.14,4246.58,0.00300009,185.4,0.00266025,1.001,0.999801,4242.6
2025-10-19,0.656082,0.059942,20.77,25.51,1119.11,108406,0.197605,3990.62,4859.46,0.170846,0.2170368993,0.938285,17.48,94.4,2.28,4240.87,0.00304375,191.26,0.00268127,1,0.999806,4244.2
2025-10-20,0.66548,0.059779,20.6,25.31,1110,110660,0.200284,4029.59,4904.33,0.178011,0.2284357143,0.940269,18.99,94.79,2.3,4322.71,0.00308089,191.94,0.00268587,1,0.999714,4261
2025-10-21,0.645018,0.059128,19.97,24.52,1076.68,108555,0.194474,3889.37,4730.28,0.172082,0.2254629456,0.89643,18.05,92.91,2.2,4258.58,0.00276773,186.25,0.00263403,1.001,0.999906,4247.8
2025-10-22,0.636618,0.058949,19.6,24.04,1068.43,107906,0.191367,3845.87,4662.2,0.169252,0.2288689478,0.893288,17.45,92.45,2.2,4049.64,0.00269099,185.46,0.00248812,1.001,0.999798,4022.1
2025-10-23,0.6469,0.0576,19.6450,24.1550,1101.3200,109773.5000,0.1951,3920.8600,4761.9900,0.1704,0.2206104575,0.8973,17.6850,94.5800,2.2400,4063.6800,0.0027,189.9600,0.0025,1.0005,0.9998,4105.4
2025-10-24,0.657246,0.056257,19.69,24.27,1134.21,111641,0.198901,3995.85,4861.78,0.171633,0.2198455591,0.901364,17.92,96.71,2.28,4077.72,0.00264867,194.46,0.00250964,1,0.9999,4070.1
2025-10-25,0.655311,0.054041,19.48,23.92,1114.52,111713,0.198065,3950.44,4807.99,0.170586,0.2308332884,0.912213,18.02,96.26,2.26,4110.68,0.00259405,193.55,0.00263666,1,0.999902,4119.9
2025-10-26,0.673875,0.055608,20.38,25.04,1136.38,113391,0.201897,4053.03,4922.98,0.178346,0.2360649805,0.908304,18.32,98.71,2.36,4102.34,0.00271667,197.83,0.00264728,1,0.999879,4108.3
2025-10-27,0.669489,0.054469,20.36,25,1141.87,114920,0.202166,4148.44,5048.94,0.177254,0.2442097077,0.869448,18.29,98.8,2.34,3994.86,0.00272073,199.48,0.00261125,1,0.999899,4029.6
2025-10-28,0.662293,0.053354,20.23,24.91,1134.94,114227,0.199808,4109.98,5004.95,0.208311,0.2481188435,0.885774,18.38,101.92,2.33,3934.6,0.0027046,198.89,0.00258912,1,0.999901,3937.6
2025-10-29,0.64301,0.050596,19.59,24.12,1106.16,112127,0.19289,3978.65,4843.49,0.199871,0.2628229165,0.871925,18.17,98.62,2.29,4010.88,0.0026508,199.21,0.00257301,1,0.999895,4020
2025-10-30,0.618588,0.089065,18.76,23.12,1100.07,108332,0.184124,3821.03,4656.12,0.199138,0.2730284418,0.8087,17.38,95.19,2.16,3974.72,0.00237817,187.6,0.00267483,1,0.999806,3976.4
2025-10-31,0.61455,0.089676,18.34,22.56,1082.54,109984,0.185989,3850.49,4694.88,0.198241,0.2666583909,0.784581,17.28,95.42,2.13,4013.76,0.00234905,187.94,0.0026633,0.999746,0.999796,4012.8
2025-11-01,0.612658,0.086902,18.65,22.95,1088.96,110015,0.186945,3875.83,4720.82,0.19856,0.26485,0.721573,17.35,98.61,2.17,4004.3,0.0023632,186.32,0.00269102,0.999589,0.999802,4005.2
2025-11-02,0.60726,0.081734,18.6,22.92,1082.29,110308,0.185319,3857.83,4705.16,0.195783,0.2659,0.712857,17.38,99.38,2.16,4004.43,0.00235276,184.59,0.00257764,0.999911,0.9998,3991.9
2025-11-03,0.575899,0.09641,17.52,21.56,1017.04,107858,0.174773,3715.49,4524.36,0.182221,0.245559,0.633903,16.09,92.06,2.02,4013.6,0.00211805,175.95,0.00261396,1,0.99981,4011.8
2025-11-04,0.537648,0.083741,16.22,19.99,940.46,102710,0.162119,3465.15,4230.59,0.171843,0.235348,0.530023,14.98,87.07,1.89,3960.59,0.00182733,160.36,0.00243929,0.999682,0.999803,3966.7
2025-11-05,0.537752,0.082924,16.7,20.53,952.74,102636,0.164078,3340.95,4061.14,0.171245,0.231495,0.532561,14.91,86.71,1.88,3960.8,0.00182787,158.07,0.00247837,1,0.999811,3935.4
2025-11-06,0.532102,0.075649,16.22,19.97,947.24,103008,0.16215,3374.92,4096.95,0.168438,0.227651,0.555494,14.89,87.2,1.92,4007.08,0.00199818,158.48,0.00242753,0.999764,0.999802,4000.2
2025-11-07,0.577936,0.074389,17.81,21.93,979.99,103156,0.180269,3437.36,4183.72,0.177474,0.241009,0.580181,16.05,101.1,2.8,3999.2,0.00217105,163.78,0.00234621,0.999507,0.999758,3973
2025-11-08,0.558515,0.069086,17.11,21.05,987.05,101735,0.17439,3368.02,4104.6,0.173418,0.236986,0.550752,15.24,99.13,2.76,3988.2,0.00198565,156.68,0.00224863,0.999824,0.999802,3991.8
2025-11-09,0.575293,0.070379,17.75,21.83,996.63,103530,0.178363,3519.61,4288.74,0.174103,0.235054,0.578197,15.85,105.47,2.97,3992.79,0.0020531,162.15,0.00227362,0.999987,0.999791,3981.3
2025-11-10,0.596098,0.077964,18.21,22.44,999.51,106088,0.182354,3597.04,4385.2,0.195623,0.265764,0.597375,16.52,106.95,2.86,4098.58,0.00217036,168.93,0.00225926,0.999837,0.999723,4081.8
2025-11-11,0.57237,0.070245,17.61,21.72,975.03,103379,0.176418,3475.27,4233.24,0.184244,0.249837,0.592754,15.76,101.36,2.71,4098.43,0.00205245,160.67,0.00227427,0.999897,0.999791,4128.2
2025-11-12,0.579832,0.070035,17.72,21.83,976.45,105023,0.177834,3577.12,4361.62,0.185481,0.253849,0.639404,16.19,103.91,2.62,4118.48,0.00204067,160.61,0.00224619,0.999893,0.999801,4107.9
2025-11-13,0.565387,0.067265,17.38,21.41,965.62,103127,0.175397,3500.74,4262.6,0.177919,0.24286,0.613839,15.72,100.84,2.57,4231.3,0.00197727,156.35,0.00224848,0.999917,0.999767,4209.4
2025-11-14,0.503391,0.079573,15.21,18.75,898.07,94711,0.158802,3083.92,3766.67,0.154712,0.211775,0.533776,13.96,94.76,2.41,4040.47,0.00166788,136.67,0.00218637,0.999204,0.999746,4009.6
2025-11-15,0.509427,0.071911,15.74,19.4,941.47,96054,0.164156,3218.82,3926.87,0.15669,0.212818,0.516142,14.3,103.5,2.47,4092.43,0.00166105,142.86,0.0020792,0.999425,0.99981,4074.7
2025-11-16,0.493993,0.06902,15.42,18.97,930.41,95359,0.160887,3159.04,3854.89,0.151301,0.206372,0.507728,14.02,100.73,2.46,4096.8,0.00165368,139.81,0.00210416,0.99955,0.999655,4078.7
2025-11-17,0.471119,0.070162,14.79,18.23,912.42,92947,0.156184,3066.25,3736.59,0.147613,0.201422,0.495264,13.43,93.75,2.25,4057.93,0.00154366,132.45,0.00206299,0.999288,0.999705,4067.5
2025-11-18,0.465588,0.066004,14.56,17.89,918.55,91551,0.157432,3066.92,3714.06,0.145634,0.19874,0.457814,13.47,95.23,2.24,4057.31,0.00164379,138.55,0.00207472,0.999057,0.999716,4036.6
2025-11-19,0.464348,0.06624,14.28,17.62,915.86,91500,0.157168,3048.06,3719.06,0.146185,0.200907,0.461027,13.28,93.38,2.26,4106.65,0.00164741,137.01,0.00207402,0.999577,0.999737,4094.7
2025-11-20,0.466215,0.067247,14.4,17.75,899.5,91818,0.158058,3011.18,3677.22,0.14586,0.197872,0.462743,13.68,92.4,2.33,4074.98,0.00164528,141.67,0.00206469,0.99923,0.999704,4051.4
2025-11-21,0.40494,0.059546,13.12,16.13,820.39,83520,0.138885,2732.01,3331.7,0.12816,0.173853,0.387751,12.06,82.8,1.93,4052.55,0.00135373,126.31,0.00186663,0.998876,0.999616,4023.8
2025-11-22,0.395307,0.053596,13.13,16.18,817.79,83685,0.136387,2714.23,3309.53,0.126957,0.174029,0.371463,11.81,81.71,1.81,4057.5,0.00138708,125.42,0.0018854,0.999608,0.999733,4047.1
2025-11-23,0.412932,0.056735,13.32,16.4,847.2,86526,0.14497,2833.64,3452.31,0.140551,0.189687,0.381457,12.61,83.41,1.86,4053.87,0.00148257,130.89,0.001925,0.999558,0.999702,4030.2
2025-11-24,0.406158,0.057412,13.32,16.41,838.4,86029,0.144999,2805.13,3419.43,0.143712,0.196885,0.379475,12.48,82.61,1.85,4074.36,0.00148779,129.57,0.00185134,0.999662,0.9997,4053.4
2025-11-25,0.416214,0.062266,13.91,17.15,854.37,87566,0.149498,2925.71,3571.89,0.143498,0.19393,0.381674,12.88,84.1,1.87,4133.85,0.00152888,136.51,0.00189262,0.999805,0.999669,4161.9
2025-11-26,0.41413,0.058654,13.94,17.17,856.09,86651,0.149371,2904.08,3537.39,0.141986,0.194549,0.392432,12.8,83.81,1.85,4155.25,0.00150857,135.75,0.00189322,0.999779,0.999703,4119.8
2025-11-27,0.428007,0.060721,14.95,18.43,887.9,90932,0.152603,2998.6,3657.12,0.144985,0.198123,0.415993,13.27,86.53,1.91,4150.81,0.00151725,141.34,0.0018921,0.999918,0.99977,4142.5
2025-11-28,0.424364,0.060247,15.02,18.51,889.48,91525,0.150924,3035.23,3702.65,0.147143,0.200633,0.413998,13.31,85.02,1.9,4180.23,0.00155666,140.84,0.00188296,0.99998,0.999808,4160.1
2025-11-29,0.417783,0.058557,14.86,18.31,877.04,90725,0.149186,2997.36,3655.57,0.144681,0.196499,0.405777,13.11,84.08,1.88,4249.8,0.00152854,136.85,0.00197949,1,0.999885,4218.5
2025-11-30,0.4221,0.056981,14.19,17.49,884.7,91459,0.149599,3026.44,3690.74,0.144229,0.195249,0.403667,13.11,84.39,1.85,4244.55,0.00158574,137.62,0.00198314,1,0.999801,4214.2
2025-12-01,0.378955,0.052391,12.82,15.81,823.07,86040,0.135992,2826.59,3447.94,0.132606,0.179319,0.352173,12.12,76.85,1.62,4268.31,0.00133231,127.46,0.00200484,0.999748,0.999705,4248.5
2025-12-02,0.397896,0.05253,13.05,16.05,849.41,88073,0.138295,2861.05,3486.47,0.135816,0.183973,0.394502,12.38,79.3,1.75,4222.4,0.00136249,130.84,0.00195055,1,0.999873,4204.1
2025-12-03,0.438608,0.057655,14.3,17.64,900.27,92365,0.150371,3099.34,3782.52,0.144947,0.197361,0.442481,14.4,85.33,1.8,4215.04,0.00147867,140.91,0.00195615,1,0.9999,4220.4
2025-12-04,0.446005,0.057374,14.73,18.18,906.12,92841,0.149405,3180.85,3883.52,0.140519,0.191359,0.441683,14.41,84.1,1.84,4200.52,0.00149327,142.64,0.0019343,1,0.999818,4196.7
2025-12-05,0.413795,0.055161,13.43,16.64,879.68,88827,0.138771,3031.14,3706.34,0.134229,0.18212,0.419303,13.55,80.52,1.67,4223.33,0.00141928,132.23,0.00163591,1,0.999807,4225
2025-12-06,0.413949,0.05368,13.19,16.26,884.51,89617,0.139529,3031.24,3702.62,0.132614,0.181572,0.406483,13.7,81.26,1.71,4213.11,0.00141313,132.74,0.00164841,1,0.999704,4210.7
2025-12-07,0.417296,0.054997,13.39,16.5,890.88,89351,0.13913,3044.8,3715.35,0.133427,0.182708,0.423219,13.88,82.13,1.69,4212.84,0.00141697,132.45,0.00148892,1,0.999801,4192.2
2025-12-08,0.433992,0.055038,13.78,16.99,910.86,92031,0.143785,3153.3,3843.2,0.135704,0.184586,0.435422,13.99,83.72,1.78,4220.86,0.00149499,138.24,0.00135076,1,0.999703,4204.6
2025-12-09,0.452425,0.054049,13.63,16.82,884.48,90399,0.142053,3115.58,3804.35,0.135312,0.181424,0.440915,13.71,84.15,1.76,4199.98,0.00145772,132.37,0.00140345,1,0.999889,4205.2
2025-12-10,0.46282,0.055302,14.23,17.58,889.89,91905,0.145327,3320.31,4056.98,0.136598,0.186224,0.3393,14.07,84.26,1.75,4205.81,0.00132089,137.04,0.0014233,1,0.999927,4198.1
2025-12-11,0.415844,0.055067,13.23,16.35,866.47,90232,0.137767,3187.89,3895.34,0.130162,0.176899,0.32477,13.6,81.28,1.67,4242.64,0.00113951,131.04,0.00141558,1,0.999869,4210.6
2025-12-12,0.424845,0.055613,13.52,16.73,886.75,92186,0.140926,3236.97,3955.19,0.129072,0.175565,0.321767,14.1,84.1,1.7,4341.89,0.00120406,138.8,0.00139955,1,0.999875,4321.4
2025-12-13,0.412388,0.054149,13.35,16.44,902.43,90100,0.139406,3107.06,3794.63,0.122967,0.167832,0.317093,13.76,81.88,1.66,4318.71,0.00111758,133.15,0.00160688,1,0.999972,4308.8
2025-12-14,0.402368,0.052756,13.06,16.1,892.97,89458,0.136805,3100.12,3788.58,0.121145,0.164644,0.308443,13.6,80.27,1.63,4320.8,0.00105362,131.58,0.00171273,1,0.999802,4316.8
2025-12-15,0.401864,0.050934,13.13,16.22,887.36,89466,0.136575,3134.02,3830.12,0.119008,0.162516,0.32024,13.57,80.72,1.61,4353.75,0.00102655,132.83,0.00167841,1,0.999965,4340.3
2025-12-16,0.38472,0.050661,12.13,14.96,869.02,87055,0.13102,2919.91,3566.39,0.114447,0.157548,0.304968,12.82,78.19,1.53,4332.39,0.00084971,127.73,0.00168044,0.999858,0.999403,4296.8
2025-12-17,0.385102,0.051866,12.29,15.21,863.04,87798,0.131244,2946.35,3599.62,0.113894,0.155318,0.293469,12.77,79.31,1.55,4341.02,0.00107893,129.56,0.00166094,0.999848,1,4325.8
2025-12-18,0.372547,0.04854519,12.15,14.99,848,88368,0.129456,2959.17,3618.25,0.111903,0.153257,0.283319,12.64,77.75,1.56,4364.69,0.00105547,126.98,0.00169366,0.999623,0.99992,4323.1
2025-12-19,0.366764,0.04781569,11.98,14.81,845.56,87922,0.128536,2955.11,3613.44,0.109782,0.149855,0.284264,12.45,76.25,1.49,4334.62,0.00100018,125.79,0.00165398,0.999551,0.999944,4326
2025-12-20,0.378452,0.04816269,12.26,15.17,852.57,88207,0.132122,2978.36,3639.78,0.113152,0.153452,0.281937,12.65,76.94,1.52,4350.91,0.00103866,126.25,0.00167957,0.999566,0.999777,4334
2025-12-21,0.363359,0.0490518,12.11,14.98,852.23,88227,0.130409,2966.8,3628.55,0.11094,0.152763,0.264291,12.38,76.49,1.49,4360.54,0.00104824,124.49,0.0016532,0.999749,0.999818,4354.2
2025-12-22,0.373749,0.04796207,12.35,15.29,864.42,89935,0.132971,3057.44,3743.53,0.113921,0.156129,0.270254,12.71,77.97,1.57,4434.9,0.00104448,126.69,0.00165652,0.999624,0.999884,4404.3
2025-12-23,0.364408,0.04782669,12.17,15.08,849.41,87654,0.130227,2957.35,3609.65,0.111979,0.15299,0.269064,12.29,76.8,1.5,4504.39,0.00095675,124.07,0.00165859,0.99952,0.999702,4486.1
2025-12-24,0.356935,0.04669996,12.06,14.91,839.01,87100,0.127963,2926.87,3575.89,0.109532,0.15022,0.273583,12.18,76.4,1.45,4497.8,0.00092502,121.92,0.00161889,0.999589,0.999841,4499.9
2025-12-25,0.350421,0.04552927,12.2,15.11,835.51,87436,0.12612,2922.47,3572.77,0.111078,0.151225,0.271658,12.2,76.06,1.48,4499.78,0.00095489,121.83,0.00166303,0.999547,0.999963,4492.9
2025-12-26,0.356248,0.04619477,12.44,15.41,841.8,88700,0.125844,2974.98,3636.56,0.113993,0.157239,0.283605,12.44,77.25,1.53,4531.57,0.0009684,123.97,0.00165291,0.999441,0.999899,4507.2
2025-12-27,0.355846,0.04542303,12.51,15.49,839.89,87485,0.122834,2926.09,3579.17,0.112214,0.152194,0.270276,12.29,78.35,1.53,4563.86,0.00093221,123.21,0.00168804,0.999539,0.999903,4535.5
2025-12-28,0.369538,0.04555744,12.67,15.7,856.21,87917,0.124241,2941.55,3597.41,0.115567,0.15916,0.29103,12.45,79.04,1.58,4549.79,0.00094632,124.64,0.00169684,0.999454,1,4533
2025-12-29,0.365125,0.04582618,12.57,15.58,850.82,87308,0.123528,2933.53,3586.47,0.113751,0.154036,0.287027,12.33,77.53,1.52,4473.87,0.00099127,123.75,0.00167272,0.998909,0.999827,4467.7
2025-12-30,0.352872,0.050542,12.52,15.52,857.68,87987,0.123905,2985.35,3651.42,0.111991,0.153604,0.269957,12.47,78,1.54,4406.96,0.00094141,124.12,0.00167354,0.998854,0.999799,4399.7
2025-12-31,0.349319,0.04959235,12.54,15.54,866.83,88666,0.122978,2987.09,3654.24,0.109301,0.150451,0.268063,12.44,78.06,1.51,4336.67,0.00091565,126.05,0.00166815,0.998865,0.999834,4323.4
2026-01-01,0.341148,0.04648497,12.36,15.31,858.54,87856,0.120745,2980.55,3645.31,0.10815,0.148192,0.2596,12.25,77.81,1.54,4337.39,0.00089816,124.84,0.00167027,0.998734,0.999802,4334
2026-01-02,0.390302,0.04881602,13.58,16.84,889.91,90780,0.138863,3139.69,3847.4,0.12055,0.164572,0.28601,13.31,81.41,1.66,4342.91,0.00110541,131.83,0.00168872,0.999451,0.999739,4380.3
2026-01-03,0.386758,0.04907502,14.05,17.43,876.81,89927,0.142817,3101.24,3794.56,0.119471,0.163172,0.285673,13.12,81.85,1.7,4359.94,0.00110135,131.21,0.00169331,0.999432,0.999869,4335.5
2026-01-04,0.399419,0.0495473,14.12,17.52,888.44,91185,0.152027,3136.51,3837.02,0.124897,0.171176,0.288405,13.45,82.43,1.72,4347.38,0.0011457,134.22,0.00178522,0.999525,0.999928,4331.6
2026-01-05,0.414755,0.050491,14.09,17.47,905.69,93894,0.149706,3183.63,3893.85,0.126474,0.172616,0.299247,13.69,83.06,1.76,4454.4,0.00116622,135.55,0.00179882,0.999772,0.999859,4402.8
2026-01-06,0.421727,0.051869,14.62,18.15,913.32,93736,0.151466,3231.87,3957.19,0.13284,0.181538,0.315731,13.86,84.25,1.83,4471.64,0.00123085,139.09,0.00178537,0.999651,0.999893,4454.8
2026-01-07,0.401056,0.051744,14.03,17.42,897.48,90961,0.146389,3149.3,3853.23,0.123079,0.168361,0.302773,13.35,81.47,1.72,4470.72,0.00107647,135.9,0.00177995,0.999089,0.999962,4436.3
2026-01-08,0.389172,0.051583,13.78,17.12,884.29,89957,0.139816,3094.84,3787.1,0.119286,0.164064,0.295978,13.14,80.64,1.67,4435.76,0.00104335,133.99,0.00176835,0.998852,0.999895,4412
2026-01-09,0.391031,0.052031,13.78,17.12,896.03,90543,0.140537,3084.51,3777.09,0.120201,0.166376,0.310928,13.13,81.41,1.7,4503.75,0.00099135,135.94,0.0017946,0.998776,0.999885,4456.4
2026-01-10,0.391159,0.052824,13.91,17.3,908.72,90626,0.139887,3093.91,3788.26,0.119091,0.164683,0.309834,13.19,81.32,1.71,4506.36,0.00104643,136.47,0.00179239,0.998814,1,4501.2
2026-01-11,0.394088,0.051482,13.82,17.17,912.29,90766,0.140406,3107.89,3804.82,0.118183,0.162758,0.293383,13.21,80.85,1.7,4513.26,0.00104476,136.91,0.00179105,0.998847,1,4506.9
2026-01-12,0.387369,0.05023,13.6,16.88,898.77,90711,0.136567,3097.65,3792.23,0.115588,0.157588,0.285668,13.08,76.66,1.67,4602.31,0.00103806,140.04,0.00177343,0.998887,0.999799,4580.7
2026-01-13,0.392704,0.0497379,13.8,17.17,907.69,91914,0.139298,3128.18,3831.3,0.116334,0.159253,0.286626,13.26,76.64,1.78,4600.17,0.00100294,141.91,0.00178143,0.998927,0.999738,4586.2
2026-01-14,0.41527,0.050264,14.52,18.08,933.9,95037,0.146598,3294.7,4036.75,0.123329,0.169549,0.307775,13.93,78.73,1.82,4641.23,0.00107942,144.52,0.00180904,0.99957,0.999853,4626
2026-01-15,0.407871,0.050961,14.37,17.9,941.5,96868,0.144401,3365.5,4119.93,0.121832,0.165898,0.293829,14.11,75.87,1.81,4615.27,0.00100521,144.8,0.00204025,0.999689,0.99971,4606.2
2026-01-16,0.389486,0.04923492,13.74,17.1,932.32,95310,0.137647,3298.48,4039.69,0.116258,0.160651,0.285503,13.69,72.24,1.71,4605.54,0.00093831,142.94,0.00203141,0.999549,0.999752,4598.8
2026-01-17,0.400539,0.04917054,13.82,17.21,951.9,95255,0.138693,3315.14,4062.73,0.120228,0.16492,0.284238,13.79,75.1,1.79,4605.04,0.00094603,144.2,0.00202665,0.99964,1.01,4596.7
2026-01-18,0.392844,0.04877029,13.56,16.89,946.58,95108,0.137077,3324.15,4071.44,0.116916,0.161616,0.278155,13.75,74.82,1.71,4620.45,0.00092444,142.34,0.00204955,0.999582,0.999701,4603.4
2026-01-19,0.36862,0.04633014,12.75,15.89,923.49,92806,0.128438,3211.56,3934.39,0.10987,0.151543,0.2653,12.81,70.54,1.56,4678.02,0.00088738,133.45,0.002009,0.999476,0.999785,4666.6
2026-01-20,0.35102,0.04541892,12.13,15.08,891.78,89285,0.123621,2985.53,3659.17,0.105102,0.144565,0.254075,12.23,67.52,1.52,4778.03,0.00079858,126.86,0.00202225,0.998948,0.999698,4723.6
2026-01-21,0.359985,0.04552736,12.25,15.27,879.51,89375,0.125127,2966.5,3642.18,0.109359,0.151438,0.258517,12.34,68.62,1.54,4879.8,0.00078174,128.58,0.00199693,0.999046,0.999677,4865.7
2026-01-22,0.360581,0.04562895,12.24,15.28,884.32,89405,0.124907,2961.38,3632.12,0.108201,0.14997,0.258114,12.34,68.35,1.52,4850.61,0.00081509,128.84,0.00204222,0.999126,0.999698,4824.7
2026-01-23,0.35941,0.04545561,12.11,15.09,888.91,89332,0.12445,2947.77,3612.07,0.10931,0.150865,0.253743,12.23,67.98,1.5,5016.37,0.0007222,127.32,0.00205775,0.998738,0.9997,4942.1
2026-01-24,0.359568,0.0467614,12.1,15.08,890.61,89391,0.124371,2957.64,3624.43,0.107684,0.148458,0.253571,12.19,68.55,1.51,5026.29,0.00075179,127.09,0.00202779,0.998486,0.999523,5000.2
2026-01-25,0.351266,0.04428553,11.86,14.77,877.12,88573,0.121976,2925.74,3584.35,0.106029,0.145054,0.244583,11.96,69,1.48,5059.62,0.00070442,125.83,0.00205658,0.998613,0.999573,5025.1
2026-01-26,0.351963,0.04300854,11.7,14.57,874.01,87963,0.122255,2924.72,3581.17,0.106549,0.14579,0.239224,11.93,69.1,1.46,5050.52,0.00069822,124.26,0.00202148,0.999034,0.999702,5083.4
2026-01-27,0.350936,0.04294016,11.69,14.58,883.02,88094,0.122233,2923.35,3584.33,0.1059,0.143898,0.233353,11.95,69.51,1.46,5073.74,0.00069889,123.96,0.00205203,0.998739,0.999625,5080.5
2026-01-28,0.356737,0.04333109,12.03,15,898.08,89116,0.124701,2992.58,3671.67,0.107469,0.146801,0.237723,11.77,68.8,1.47,5280.41,0.00070166,126.34,0.00208436,0.998709,0.999722,5274.6
2026-01-29,0.341594,0.04382062,11.37,14.11,881.86,87318,0.119317,2891.3,3547.05,0.10256,0.140964,0.225175,11.37,66.9,1.41,5541.16,0.00067672,121.06,0.00204149,0.998543,0.999703,5545.5
2026-01-30,0.322779,0.04053111,10.86,13.49,845.93,82452,0.114629,2701.47,3310.91,0.098732,0.136484,0.211513,10.68,64.4,1.31,5069.64,0.00062513,115.28,0.00202253,0.998589,0.999703,5084.7
2026-01-31,0.308227,0.03899224,10.52,13.11,831.27,82697,0.110753,2626.69,3220.94,0.094272,0.130688,0.203487,10.39,62.55,1.27,4927.58,0.00053569,114.62,0.00202425,0.998422,0.999615,4898.6
2026-02-01,0.288348,0.03568456,9.94,12.4,760.75,77664,0.104808,2339.28,2867.38,0.089685,0.124237,0.195029,9.57,59.03,1.18,4833.93,0.00046773,102.77,0.00202683,0.998964,0.999703,4816.7
2026-02-02,0.296132,0.03384928,10.08,12.58,763.3,77795,0.106206,2308.03,2844.47,0.09345,0.128562,0.197936,9.67,59.62,1.2,4741.69,0.00055285,102.94,0.00203003,0.99905,0.999672,4769.8
2026-02-03,0.290275,0.03193304,9.81,12.32,750.19,74704,0.104853,2184.41,2674.11,0.090357,0.123805,0.201353,9.34,58.49,1.16,4929.31,0.00054563,98.59,0.00199486,0.999052,0.999607,4912.2
2026-02-04,0.295716,0.03042242,9.99,12.47,750.62,76014,0.107184,2238.43,2743.41,0.092793,0.127132,0.214107,9.53,59.9,1.18,5055.46,0.00054661,96.21,0.00198151,0.998526,0.99964,5034.7
2026-02-05,0.2479,0.02751095,8.4,11.21,623.02,63367,0.08897,1857.63,2432.29,0.077,0.113886,0.192814,8,50.95,1.077,4854.68,0.00044827,78.58,0.00179767,0.9982,0.999753,4804.7
2026-02-06,0.263682,0.02708197,8.78,10.95,643.01,66998,0.094555,1941.32,2379.03,0.08794,0.119985,0.192618,8.39,53.23,1.029,4914.69,0.0005866,82.8,0.00161467,0.998872,0.999795,4836.2
2026-02-07,0.270705,0.03211872,9.11,11.37,637.84,68910,0.09606,2037.13,2496.4,0.087774,0.120974,0.196143,8.77,54.04,1.065,4954.04,0.00061431,85.99,0.0017324,0.999051,0.999852,4916.8
2026-02-08,0.274094,0.03068051,9.25,11.56,645.07,71148,0.098132,2119.58,2598.94,0.094452,0.129636,0.206656,8.94,55.35,1.065,4998.58,0.00061493,88.32,0.00170292,0.99934,0.999759,4970
2026-02-09,0.262507,0.02857801,8.76,10.94,623.81,68669,0.093707,2018.77,2470.99,0.089085,0.12352,0.204309,8.54,53.4,0.99174,5021.43,0.0005605,83.74,0.00165239,0.999271,0.999799,4987.6
2026-02-10,0.263202,0.02884651,8.78,10.95,617.09,68612,0.092688,2011.28,2461.45,0.090464,0.123958,0.203776,8.55,53.32,0.990689,5042.57,0.00058088,83.79,0.00166406,0.999411,0.999921,5005.7
2026-02-11,0.254274,0.0271028,8.58,10.73,590.79,67093,0.089919,1950.57,2388.47,0.088739,0.121365,0.201659,8.28,52.21,0.956958,5090.05,0.00053839,81.15,0.00164922,0.999526,0.999805,5052.3
2026-02-12,0.260251,0.02736228,8.72,10.87,606.5,65934,0.091772,1917.95,2348.79,0.091049,0.133601,0.207816,8.26,51.99,0.948798,4974.41,0.00055303,78.13,0.00164935,0.999327,0.999904,5027.2
2026-02-13,0.264356,0.02728706,8.89,11.13,598.66,67220,0.093533,1968.5,2414.44,0.093377,0.133601,0.205842,8.47,53.45,0.979828,4992.86,0.00055168,80.22,0.00165453,0.999404,0.999903,4947.3
2026-02-14,0.283465,0.02741304,9.33,11.67,632.94,69638,0.101471,2075,2544.89,0.103092,0.133601,0.218247,8.98,55.61,1.053,5029.38,0.00059653,86.99,0.00165396,0.999848,1,4997.6
2026-02-15,0.283069,0.02790676,9.32,11.64,618.3,68943,0.107612,1998.68,2449.75,0.100571,0.133601,0.227984,8.82,54.73,1.053,5030.2,0.0005889,86.94,0.00163322,0.999647,1,4996.7
2026-02-16,0.282722,0.0296483,9.15,11.42,616.92,67931,0.100422,1974.65,2420.87,0.100547,0.137337,0.225885,8.8,54.26,1.055,4996.46,0.00059161,84.73,0.00166675,0.999675,0.9999,4977.6
2026-02-17,0.27839,0.02910309,9.05,11.31,612.67,67005,0.099195,1949.8,2394.13,0.09975,0.138423,0.225045,8.71,54.01,1.039,4873.54,0.00058332,83.33,0.00169584,0.999619,0.999937,4913.1
2026-02-18,0.276287,0.02771813,8.94,11.16,610.71,66430,0.099093,1957.2,2396.76,0.099567,0.138781,0.203225,8.64,53.51,1.028,4987.98,0.00058915,81.36,0.00167011,0.99965,0.999978,4918
2026-02-19,0.27027,0.02703683,8.7,10.88,600.22,65964,0.09702,1928.97,2362.08,0.096664,0.132716,0.220587,8.42,52,0.996535,4991.05,0.00055201,80.08,0.00164644,0.999688,0.9999,4967.9
2026-02-20,0.287077,0.02693989,9.12,11.4,617.51,67455,0.100414,1956.62,2399.21,0.099993,0.137935,0.225172,8.86,55.1,1.034,5074.8,0.00060265,83.96,0.00169203,0.999811,0.999968,5006
2026-02-21,0.282809,0.0272648,9.36,11.71,632.59,68429,0.100448,1987.48,2437.97,0.100764,0.139693,0.21418,8.96,55.51,1.069,5137.67,0.00059646,86.32,0.00166747,0.999745,1,5095.9
2026-02-22,0.269746,0.02723273,8.8,11.01,611.22,67367,0.094839,1941.08,2379.66,0.097459,0.133713,0.193823,8.63,53.2,1.011,5155.52,0.00057196,83.15,0.00166397,0.999538,0.9999,5098
2026-02-23,0.263524,0.02694067,8.41,10.52,596.81,64710,0.093154,1860.48,2281.5,0.095044,0.13229,0.196244,8.3,51.71,0.98262,5249.96,0.00052916,78.43,0.0016671,0.999784,0.999901,5143.2
2026-02-24,0.259402,0.02729464,8.31,10.39,585.66,64119,0.091987,1859.8,2281.18,0.095228,0.132912,0.190445,8.22,51.25,0.968845,5155.09,0.00053833,78.98,0.00164692,1,0.99996,5130.2
2026-02-25,0.278466,0.02736179,9.42,11.76,614.12,66260,0.097001,1964.26,2409.23,0.099933,0.137932,0.202771,8.89,55.02,1.074,5203.47,0.00056222,83.87,0.00168073,0.999937,0.999901,5165.6
2026-02-26,0.296383,0.02819275,9.48,11.88,627.15,68024,0.100556,2047.29,2511.8,0.101105,0.141154,0.214244,9.2,56.26,1.17,5199.18,0.00062174,87.83,0.00167645,1,0.999904,5161.9
2026-02-27,0.293093,0.02801386,9.34,11.69,626.58,67891,0.098962,2064.34,2535.66,0.102891,0.144031,0.212651,9.23,56.2,1.13,5177.96,0.00061555,87.76,0.00166032,1,0.999901,5173.4
2026-02-28,0.27914,0.02755135,9.12,11.42,616.96,66351,0.09378,1953.96,2397.24,0.099424,0.13828,0.198663,8.8,53.99,1.14,5391.36,0.00057278,84.76,0.00197479,1,0.999987,5240

